season,team,team_talent_weighted
2015,Air Force,821.2237877
2015,Akron,2159.847659
2015,Alabama,2562.795629
2015,Arizona,2286.866482
2015,Arizona State,2324.975577
2015,Arkansas,2387.386336
2015,Army,461.9991295
2015,Auburn,2484.205316
2015,BYU,2280.325846
2015,Ball State,1990.690378
2015,Baylor,2241.59961
2015,Boise State,2052.102321
2015,Boston College,1791.664001
2015,Buffalo,2080.346893
2015,California,2320.237912
2015,Central Michigan,2110.084375
2015,Clemson,2462.827505
2015,Colorado,2164.905876
2015,Colorado State,2141.683555
2015,Duke,2299.57935
2015,Eastern Michigan,1999.996891
2015,Florida,2466.117932
2015,Florida Atlantic,2153.823533
2015,Florida State,2435.424678
2015,Fresno State,2201.97974
2015,Georgia,2483.65808
2015,Georgia Tech,2188.042789
2015,Hawai'i,2104.982071
2015,Illinois,2097.203791
2015,Indiana,2269.88357
2015,Iowa,2218.630112
2015,Iowa State,2152.105319
2015,Kansas,2106.056067
2015,Kansas State,2209.914398
2015,Kent State,2054.425314
2015,Kentucky,2325.894039
2015,LSU,2493.258956
2015,Louisiana Tech,2205.460295
2015,Louisville,2135.410728
2015,Marshall,2242.714885
2015,Maryland,2121.978805
2015,Miami,2408.509181
2015,Miami (OH),2056.602182
2015,Michigan,2369.255796
2015,Michigan State,2347.529547
2015,Middle Tennessee,2168.681292
2015,Minnesota,2241.534676
2015,Mississippi State,2364.733454
2015,Missouri,2274.670695
2015,NC State,2294.587907
2015,Nebraska,2256.760391
2015,Nevada,2048.089228
2015,New Mexico,2122.283017
2015,New Mexico State,1563.843568
2015,North Carolina,2398.516759
2015,North Texas,2116.275519
2015,Northern Illinois,2068.410238
2015,Northwestern,2245.766535
2015,Notre Dame,2456.905057
2015,Ohio,2044.027855
2015,Ohio State,2514.421329
2015,Oklahoma,2401.732224
2015,Oklahoma State,2335.956347
2015,Old Dominion,2018.355962
2015,Ole Miss,2414.921445
2015,Oregon,2208.554106
2015,Oregon State,2270.584619
2015,Penn State,2376.675802
2015,Pittsburgh,2312.260837
2015,Purdue,2161.257681
2015,Rice,2146.939376
2015,Rutgers,2324.346079
2015,San Diego State,2210.314683
2015,San José State,2164.128526
2015,South Carolina,2411.392906
2015,Stanford,2421.86326
2015,Syracuse,2064.113773
2015,TCU,2256.238796
2015,Tennessee,2458.962834
2015,Texas,2327.936087
2015,Texas A&M,2491.028712
2015,Texas Tech,2108.258402
2015,Toledo,2153.102242
2015,UCLA,2462.341525
2015,UNLV,2099.72111
2015,USC,2530.477378
2015,UTEP,1978.355642
2015,Utah,2231.305355
2015,Utah State,2109.353567
2015,Vanderbilt,2311.70785
2015,Virginia,2059.40498
2015,Virginia Tech,2368.260115
2015,Wake Forest,1872.011829
2015,Washington,2361.914827
2015,Washington State,2269.156315
2015,West Virginia,2167.236838
2015,Western Kentucky,2126.09911
2015,Western Michigan,2151.287381
2015,Wisconsin,2206.384881
2015,Wyoming,2067.013312
2016,Air Force,676.7610249
2016,Akron,1654.490458
2016,Alabama,2561.7151
2016,Arizona,2308.092244
2016,Arizona State,2338.046413
2016,Arkansas,2385.228183
2016,Army,1016.435129
2016,Auburn,2476.115353
2016,BYU,1841.864149
2016,Ball State,1859.410126
2016,Baylor,2203.03386
2016,Boise State,2172.312987
2016,Boston College,2193.805061
2016,Bowling Green,1737.581932
2016,Buffalo,1553.764352
2016,California,2315.240102
2016,Central Michigan,1695.342255
2016,Charlotte,2090.781333
2016,Clemson,2479.4248
2016,Colorado,2087.863979
2016,Colorado State,2153.794583
2016,Duke,2301.48686
2016,Eastern Michigan,1882.354231
2016,Florida,2449.594738
2016,Florida Atlantic,2143.842319
2016,Florida State,2476.993394
2016,Fresno State,1984.288347
2016,Georgia,2483.567309
2016,Georgia Tech,2119.908899
2016,Hawai'i,1497.499461
2016,Illinois,2115.879909
2016,Indiana,2278.238248
2016,Iowa,2247.446786
2016,Iowa State,2215.905504
2016,Kansas,2211.893206
2016,Kansas State,2147.594165
2016,Kent State,1449.624952
2016,Kentucky,2331.771849
2016,LSU,2515.280997
2016,Louisiana Tech,2171.625588
2016,Louisville,2248.477319
2016,Marshall,2202.781807
2016,Maryland,2252.25199
2016,Miami,2411.711933
2016,Miami (OH),2092.706606
2016,Michigan,2463.770663
2016,Michigan State,2362.902143
2016,Middle Tennessee,2154.086834
2016,Minnesota,2234.926441
2016,Mississippi State,2378.478385
2016,Missouri,2329.328263
2016,NC State,2301.570827
2016,Nebraska,2319.547327
2016,Nevada,1833.661752
2016,New Mexico,2041.719535
2016,New Mexico State,1304.780965
2016,North Carolina,2378.241713
2016,North Texas,2038.952394
2016,Northern Illinois,2076.312391
2016,Northwestern,2240.134239
2016,Notre Dame,2461.106973
2016,Ohio,1909.23434
2016,Ohio State,2517.323344
2016,Oklahoma,2422.773975
2016,Oklahoma State,2297.320514
2016,Old Dominion,2116.067624
2016,Ole Miss,2450.181534
2016,Oregon,2324.894531
2016,Oregon State,2256.234064
2016,Penn State,2397.595759
2016,Pittsburgh,2334.101638
2016,Purdue,2143.362057
2016,Rice,2147.349927
2016,Rutgers,2316.104151
2016,San Diego State,2174.45703
2016,San José State,2079.566498
2016,South Carolina,2392.088966
2016,Stanford,2399.229908
2016,Syracuse,2232.40505
2016,TCU,2353.196673
2016,Tennessee,2474.77117
2016,Texas,2446.580357
2016,Texas A&M,2483.390794
2016,Texas Tech,2260.630597
2016,Toledo,2066.383887
2016,UCLA,2468.328483
2016,UNLV,2043.993328
2016,USC,2511.289683
2016,UTEP,1971.746261
2016,Utah,2275.346245
2016,Utah State,1815.123057
2016,Vanderbilt,2325.075666
2016,Virginia,2106.570191
2016,Virginia Tech,2356.592294
2016,Wake Forest,2207.680475
2016,Washington,2384.178946
2016,Washington State,2265.053418
2016,West Virginia,2291.787944
2016,Western Kentucky,2145.763208
2016,Western Michigan,2029.522128
2016,Wisconsin,2315.716659
2016,Wyoming,2055.464175
2017,Air Force,1148.541051
2017,Akron,1219.638891
2017,Alabama,2569.798772
2017,Arizona,2345.45573
2017,Arizona State,2333.922604
2017,Arkansas,2403.564911
2017,Army,155.4497403
2017,Auburn,2457.433604
2017,BYU,1820.600256
2017,Ball State,1478.194355
2017,Baylor,2334.480953
2017,Boise State,2199.824459
2017,Boston College,2138.716827
2017,Bowling Green,1359.671681
2017,Buffalo,1434.274962
2017,California,2303.793374
2017,Central Michigan,1566.524877
2017,Charlotte,2061.351622
2017,Clemson,2462.788895
2017,Colorado,2255.049881
2017,Colorado State,2177.134477
2017,Duke,2315.508518
2017,Eastern Michigan,998.464088
2017,Florida,2445.037865
2017,Florida Atlantic,2195.19826
2017,Florida State,2524.932214
2017,Fresno State,2092.198554
2017,Georgia,2530.260615
2017,Georgia Tech,2220.450605
2017,Hawai'i,1689.802234
2017,Illinois,2135.507437
2017,Indiana,2249.634414
2017,Iowa,2190.027074
2017,Iowa State,2238.601776
2017,Kansas,2175.911805
2017,Kansas State,2169.129419
2017,Kent State,1180.37537
2017,Kentucky,2352.024602
2017,LSU,2509.985585
2017,Louisiana Tech,2136.42758
2017,Louisville,2317.201946
2017,Marshall,2076.75811
2017,Maryland,2319.030717
2017,Miami,2397.429824
2017,Miami (OH),1294.694738
2017,Michigan,2465.75158
2017,Michigan State,2322.910655
2017,Middle Tennessee,2120.594013
2017,Minnesota,2255.874694
2017,Mississippi State,2385.622498
2017,Missouri,2295.408119
2017,NC State,2296.494826
2017,Nebraska,2374.880345
2017,Nevada,1962.145575
2017,New Mexico,2100.846653
2017,New Mexico State,877.248011
2017,North Carolina,2387.854923
2017,North Texas,2020.848344
2017,Northern Illinois,1783.049973
2017,Northwestern,1906.419272
2017,Notre Dame,2454.674998
2017,Ohio,895.8261953
2017,Ohio State,2527.561284
2017,Oklahoma,2449.145229
2017,Oklahoma State,2319.01602
2017,Old Dominion,2074.868718
2017,Ole Miss,2416.479152
2017,Oregon,2339.287382
2017,Oregon State,2231.900288
2017,Penn State,2417.302083
2017,Pittsburgh,2336.336634
2017,Purdue,2086.563157
2017,Rice,2139.33189
2017,Rutgers,2293.805256
2017,San Diego State,2181.1218
2017,San José State,2127.521823
2017,South Carolina,2391.217669
2017,Stanford,2424.29775
2017,Syracuse,2124.824012
2017,TCU,2355.806277
2017,Tennessee,2458.709302
2017,Texas,2421.706487
2017,Texas A&M,2465.650049
2017,Texas Tech,2286.058424
2017,Toledo,1729.488974
2017,UCLA,2453.302715
2017,UNLV,2113.131207
2017,USC,2508.165696
2017,UTEP,1885.793097
2017,Utah,2298.046434
2017,Utah State,1968.033903
2017,Vanderbilt,2273.904633
2017,Virginia,2230.055843
2017,Virginia Tech,2369.286147
2017,Wake Forest,2151.33108
2017,Washington,2389.613775
2017,Washington State,2263.54028
2017,West Virginia,2306.742236
2017,Western Kentucky,2116.611769
2017,Western Michigan,1497.812955
2017,Wisconsin,2342.130478
2017,Wyoming,2072.763706
2018,Air Force,1056.681202
2018,Akron,1289.364227
2018,Alabama,2552.242763
2018,Arizona,2324.951277
2018,Arizona State,2354.403588
2018,Arkansas,2376.197537
2018,Army,1190.761625
2018,Auburn,2447.166804
2018,BYU,2027.58373
2018,Ball State,1641.244947
2018,Baylor,2373.125448
2018,Boise State,2244.393015
2018,Boston College,2154.23633
2018,Bowling Green,1632.434122
2018,Buffalo,1471.089504
2018,California,2270.333215
2018,Central Michigan,1937.782441
2018,Charlotte,2104.523961
2018,Clemson,2485.616003
2018,Colorado,2283.774776
2018,Colorado State,2191.954331
2018,Duke,2317.698311
2018,Eastern Michigan,1821.210252
2018,Florida,2438.322955
2018,Florida Atlantic,2217.295236
2018,Florida State,2505.725115
2018,Fresno State,2141.262644
2018,Georgia,2529.756568
2018,Georgia Tech,2261.510837
2018,Hawai'i,2030.388381
2018,Illinois,2213.810267
2018,Indiana,2258.510243
2018,Iowa,2198.45148
2018,Iowa State,2257.789896
2018,Kansas,2208.229213
2018,Kansas State,2228.146851
2018,Kent State,1628.569933
2018,Kentucky,2362.693296
2018,LSU,2504.989331
2018,Liberty,618.3777465
2018,Louisiana Tech,2188.187065
2018,Louisville,2355.654876
2018,Marshall,2046.794349
2018,Maryland,2352.849865
2018,Miami,2442.277965
2018,Miami (OH),1756.959297
2018,Michigan,2459.734407
2018,Michigan State,2327.845047
2018,Middle Tennessee,2170.076016
2018,Minnesota,2290.724762
2018,Mississippi State,2406.345818
2018,Missouri,2328.229028
2018,NC State,2295.588573
2018,Nebraska,2369.410842
2018,Nevada,2158.242411
2018,New Mexico,2129.78093
2018,New Mexico State,1138.286932
2018,North Carolina,2378.228368
2018,North Texas,2076.582631
2018,Northern Illinois,1885.821429
2018,Northwestern,2180.688292
2018,Notre Dame,2447.317381
2018,Ohio,1752.665011
2018,Ohio State,2544.317784
2018,Oklahoma,2470.673858
2018,Oklahoma State,2335.832622
2018,Old Dominion,2055.502994
2018,Ole Miss,2390.04158
2018,Oregon,2396.63502
2018,Oregon State,2200.972531
2018,Penn State,2455.588709
2018,Pittsburgh,2298.169061
2018,Purdue,2169.072588
2018,Rice,2093.554112
2018,Rutgers,2280.19438
2018,San Diego State,2193.045836
2018,San José State,2135.513949
2018,South Carolina,2414.998657
2018,Stanford,2397.273208
2018,Syracuse,2164.797307
2018,TCU,2342.237479
2018,Tennessee,2432.944417
2018,Texas,2470.504525
2018,Texas A&M,2450.077846
2018,Texas Tech,2262.093709
2018,Toledo,2092.922674
2018,UAB,1934.305084
2018,UCLA,2421.968203
2018,UNLV,2077.950447
2018,USC,2511.835483
2018,UTEP,1948.175971
2018,Utah,2316.776216
2018,Utah State,1973.8326
2018,Vanderbilt,2271.970061
2018,Virginia,2153.279075
2018,Virginia Tech,2371.027066
2018,Wake Forest,2195.33892
2018,Washington,2425.507374
2018,Washington State,2282.233191
2018,West Virginia,2350.218639
2018,Western Kentucky,2078.107642
2018,Western Michigan,1836.232137
2018,Wisconsin,2338.732415
2018,Wyoming,2047.700859
2019,Air Force,1067.352061
2019,Akron,1612.375409
2019,Alabama,2545.525709
2019,Arizona,2245.010653
2019,Arizona State,2367.138173
2019,Arkansas,2381.841318
2019,Army,470.6176934
2019,Auburn,2454.322376
2019,BYU,2169.297655
2019,Ball State,1790.47706
2019,Baylor,2367.255455
2019,Boise State,2255.503185
2019,Boston College,2251.049396
2019,Bowling Green,1696.006888
2019,Buffalo,1687.23055
2019,California,2278.038413
2019,Central Michigan,1928.4684
2019,Charlotte,1963.170702
2019,Clemson,2490.396049
2019,Colorado,2322.653154
2019,Colorado State,2219.166009
2019,Duke,2311.673384
2019,Eastern Michigan,1963.512302
2019,Florida,2459.167611
2019,Florida Atlantic,2205.002185
2019,Florida State,2496.909172
2019,Fresno State,2197.589264
2019,Georgia,2538.902724
2019,Georgia Tech,2313.137076
2019,Hawai'i,2053.767511
2019,Illinois,2324.134662
2019,Indiana,2299.297398
2019,Iowa,2297.310161
2019,Iowa State,2288.750036
2019,Kansas,2149.595882
2019,Kansas State,2252.863171
2019,Kent State,1917.182062
2019,Kentucky,2369.727905
2019,LSU,2515.404408
2019,Liberty,1303.686364
2019,Louisiana Tech,2175.856275
2019,Louisville,2314.280849
2019,Marshall,2160.119551
2019,Maryland,2340.572913
2019,Miami,2435.413458
2019,Miami (OH),2001.53138
2019,Michigan,2476.496673
2019,Michigan State,2348.255737
2019,Middle Tennessee,2161.193747
2019,Minnesota,2322.581108
2019,Mississippi State,2399.401032
2019,Missouri,2319.418349
2019,NC State,2328.848751
2019,Nebraska,2403.776119
2019,Nevada,2178.015209
2019,New Mexico,2061.025355
2019,New Mexico State,1486.145619
2019,North Carolina,2379.276764
2019,North Texas,2136.720198
2019,Northern Illinois,1806.762665
2019,Northwestern,2280.347779
2019,Notre Dame,2449.348129
2019,Ohio,1949.635387
2019,Ohio State,2541.906688
2019,Oklahoma,2482.240214
2019,Oklahoma State,2326.281321
2019,Old Dominion,2097.714466
2019,Ole Miss,2386.859727
2019,Oregon,2447.756193
2019,Oregon State,2288.012861
2019,Penn State,2470.611852
2019,Pittsburgh,2312.185371
2019,Purdue,2290.526666
2019,Rice,2049.093802
2019,Rutgers,2273.174226
2019,San Diego State,2208.395769
2019,San José State,2095.412914
2019,South Carolina,2414.172849
2019,Stanford,2407.580693
2019,Syracuse,2219.904188
2019,TCU,2361.915408
2019,Tennessee,2459.282013
2019,Texas,2480.449787
2019,Texas A&M,2473.058727
2019,Texas Tech,2277.400812
2019,Toledo,2103.717363
2019,UAB,2093.37463
2019,UCLA,2409.737182
2019,UNLV,2062.422523
2019,USC,2488.062611
2019,UTEP,2080.511993
2019,Utah,2313.911783
2019,Utah State,2081.676006
2019,Vanderbilt,2276.193025
2019,Virginia,2258.659001
2019,Virginia Tech,2379.73185
2019,Wake Forest,2244.334075
2019,Washington,2425.679009
2019,Washington State,2262.691677
2019,West Virginia,2302.566611
2019,Western Kentucky,2119.737781
2019,Western Michigan,1987.706119
2019,Wisconsin,2361.145252
2019,Wyoming,2057.626286
2020,Air Force,1698.310491
2020,Akron,2039.39021
2020,Alabama,2550.065948
2020,Arizona,2262.307198
2020,Arizona State,2371.37095
2020,Arkansas,2390.968094
2020,Army,1047.594809
2020,Auburn,2445.693844
2020,BYU,2241.471837
2020,Ball State,2035.2971
2020,Baylor,2332.451233
2020,Boise State,2271.158048
2020,Boston College,2282.920002
2020,Bowling Green,2117.123855
2020,Buffalo,2024.671061
2020,California,2325.337607
2020,Central Michigan,2097.435742
2020,Charlotte,2059.214408
2020,Clemson,2517.900086
2020,Colorado,2325.723832
2020,Colorado State,2183.098493
2020,Duke,2305.972308
2020,Eastern Michigan,2124.475327
2020,Florida,2487.030885
2020,Florida Atlantic,2232.422085
2020,Florida State,2453.52665
2020,Fresno State,2195.782159
2020,Georgia,2560.806407
2020,Georgia Tech,2343.86891
2020,Hawai'i,2096.431717
2020,Illinois,2325.011639
2020,Indiana,2300.263578
2020,Iowa,2324.809237
2020,Iowa State,2306.55873
2020,Kansas,2224.604146
2020,Kansas State,2273.688183
2020,Kent State,2081.424087
2020,Kentucky,2399.103319
2020,LSU,2501.86252
2020,Liberty,2025.843713
2020,Louisiana Tech,2205.61579
2020,Louisville,2299.933266
2020,Marshall,2149.465729
2020,Maryland,2334.645121
2020,Miami,2454.345366
2020,Miami (OH),2139.538592
2020,Michigan,2450.637176
2020,Michigan State,2315.247275
2020,Middle Tennessee,2184.422635
2020,Minnesota,2317.436549
2020,Mississippi State,2374.149961
2020,Missouri,2295.527527
2020,NC State,2364.829455
2020,Nebraska,2401.253338
2020,Nevada,2166.865439
2020,New Mexico,2042.117514
2020,North Carolina,2410.354322
2020,North Texas,2160.275587
2020,Northern Illinois,2088.944426
2020,Northwestern,2323.938175
2020,Notre Dame,2464.882815
2020,Ohio,2098.617626
2020,Ohio State,2543.790166
2020,Oklahoma,2468.626432
2020,Oklahoma State,2321.01656
2020,Ole Miss,2382.376805
2020,Oregon,2474.768459
2020,Oregon State,2314.639223
2020,Penn State,2471.154972
2020,Pittsburgh,2327.97935
2020,Purdue,2328.215773
2020,Rice,2112.355184
2020,Rutgers,2287.115992
2020,San Diego State,2205.059769
2020,San José State,2172.79537
2020,South Carolina,2426.899546
2020,Stanford,2431.700563
2020,Syracuse,2263.656481
2020,TCU,2359.457782
2020,Tennessee,2431.000012
2020,Texas,2479.87376
2020,Texas A&M,2485.996644
2020,Texas Tech,2295.28209
2020,Toledo,2195.183157
2020,UAB,2150.702524
2020,UCLA,2380.84856
2020,UNLV,2182.724483
2020,USC,2468.56942
2020,UTEP,2101.280104
2020,Utah,2337.703521
2020,Utah State,2162.236659
2020,Vanderbilt,2279.211858
2020,Virginia,2267.722207
2020,Virginia Tech,2335.728162
2020,Wake Forest,2275.17572
2020,Washington,2438.036903
2020,Washington State,2261.838631
2020,West Virginia,2289.032408
2020,Western Kentucky,2151.895367
2020,Western Michigan,2156.276558
2020,Wisconsin,2387.663304
2020,Wyoming,2150.284399
2021,Air Force,1435.465547
2021,Akron,2110.858377
2021,Alabama,2553.239958
2021,Arizona,2255.819227
2021,Arizona State,2367.80412
2021,Arkansas,2386.913657
2021,Army,1495.356424
2021,Auburn,2423.639417
2021,BYU,2269.551406
2021,Ball State,2131.022341
2021,Baylor,2350.593115
2021,Boise State,2264.876166
2021,Boston College,2350.932374
2021,Bowling Green,2138.486344
2021,Buffalo,1950.106897
2021,California,2341.168541
2021,Central Michigan,2106.646318
2021,Charlotte,2192.775961
2021,Clemson,2526.545344
2021,Colorado,2303.022466
2021,Colorado State,2128.692839
2021,Duke,2293.551974
2021,Eastern Michigan,2146.268797
2021,Florida,2476.625957
2021,Florida Atlantic,2233.734638
2021,Florida State,2410.892302
2021,Fresno State,2218.280601
2021,Georgia,2560.190747
2021,Georgia Tech,2360.336992
2021,Hawai'i,1975.333626
2021,Illinois,2318.820877
2021,Indiana,2315.662082
2021,Iowa,2360.7047
2021,Iowa State,2304.801435
2021,Kansas,2236.680724
2021,Kansas State,2268.782334
2021,Kent State,2080.392953
2021,Kentucky,2387.417311
2021,LSU,2493.972227
2021,Liberty,2107.598661
2021,Louisiana Tech,2181.60971
2021,Louisville,2311.06367
2021,Marshall,2072.445102
2021,Maryland,2328.648131
2021,Miami,2468.860022
2021,Miami (OH),2135.10033
2021,Michigan,2453.587942
2021,Michigan State,2332.864153
2021,Middle Tennessee,2177.619696
2021,Minnesota,2312.79492
2021,Mississippi State,2382.521098
2021,Missouri,2322.528445
2021,NC State,2381.417454
2021,Nebraska,2399.656523
2021,Nevada,2144.365772
2021,New Mexico,2099.111142
2021,North Carolina,2442.022529
2021,North Texas,2163.159734
2021,Northern Illinois,2137.584921
2021,Northwestern,2328.005047
2021,Notre Dame,2466.089458
2021,Ohio,2145.998246
2021,Ohio State,2556.641113
2021,Oklahoma,2473.567161
2021,Oklahoma State,2328.487852
2021,Ole Miss,2402.080005
2021,Oregon,2487.234986
2021,Oregon State,2335.318455
2021,Penn State,2443.584388
2021,Pittsburgh,2330.022826
2021,Purdue,2314.454427
2021,Rice,2124.909084
2021,Rutgers,2298.65071
2021,San Diego State,2228.407095
2021,San José State,2184.840545
2021,South Carolina,2404.391574
2021,Stanford,2404.847685
2021,Syracuse,2267.686041
2021,TCU,2371.809977
2021,Tennessee,2419.177169
2021,Texas,2464.162229
2021,Texas A&M,2489.79563
2021,Texas Tech,2320.152173
2021,Toledo,2212.103619
2021,UAB,2118.450682
2021,UCLA,2400.625233
2021,UNLV,2221.18496
2021,USC,2479.371457
2021,UTEP,2071.940818
2021,Utah,2373.282174
2021,Utah State,2145.294641
2021,Vanderbilt,2257.646696
2021,Virginia,2306.195063
2021,Virginia Tech,2345.351212
2021,Wake Forest,2273.575866
2021,Washington,2439.091449
2021,Washington State,2279.563318
2021,West Virginia,2269.937646
2021,Western Kentucky,2214.009151
2021,Western Michigan,2180.026479
2021,Wisconsin,2414.059459
2021,Wyoming,2154.260714
2022,Air Force,510.3042258
2022,Akron,2211.865604
2022,Alabama,2556.030771
2022,Arizona,2319.405424
2022,Arizona State,2216.111263
2022,Arkansas,2377.530065
2022,Arkansas State,2230.500575
2022,Army,1495.911164
2022,Auburn,2403.900088
2022,BYU,2261.982567
2022,Ball State,2160.790725
2022,Baylor,2342.654024
2022,Boise State,2243.802899
2022,Boston College,2313.178494
2022,Bowling Green,2144.757918
2022,Buffalo,2173.12905
2022,California,2309.853066
2022,Central Michigan,2152.123161
2022,Charlotte,2196.264114
2022,Cincinnati,2304.449587
2022,Clemson,2523.566695
2022,Coastal Carolina,2181.251964
2022,Colorado,1986.203853
2022,Colorado State,2162.836033
2022,Duke,2278.213563
2022,East Carolina,2200.417965
2022,Eastern Michigan,2180.77877
2022,Florida,2453.795106
2022,Florida Atlantic,2231.058859
2022,Florida State,2394.308485
2022,Fresno State,2254.893539
2022,Georgia,2544.628764
2022,Georgia Southern,2151.100317
2022,Georgia State,2159.455485
2022,Georgia Tech,2356.728228
2022,Hawai'i,2154.98258
2022,Houston,2316.932649
2022,Illinois,2321.232196
2022,Indiana,2338.055807
2022,Iowa,2364.763547
2022,Iowa State,2316.38041
2022,James Madison,1321.007101
2022,Kansas,2260.239556
2022,Kansas State,2287.648104
2022,Kent State,2159.949674
2022,Kentucky,2378.167828
2022,LSU,2460.779935
2022,Liberty,2095.133052
2022,Louisiana,2208.229001
2022,Louisiana Tech,2168.740588
2022,Louisville,2305.287896
2022,Marshall,2245.308518
2022,Maryland,2348.301948
2022,Memphis,2233.635906
2022,Miami,2443.192512
2022,Miami (OH),2182.631962
2022,Michigan,2461.378448
2022,Michigan State,2355.814796
2022,Middle Tennessee,2171.896444
2022,Minnesota,2308.151367
2022,Mississippi State,2389.417324
2022,Missouri,2369.955056
2022,NC State,2375.635111
2022,Navy,1857.4672190000001
2022,Nebraska,2398.487812
2022,Nevada,2185.427492
2022,New Mexico,2063.286218
2022,New Mexico State,2112.940415
2022,North Carolina,2423.735944
2022,North Texas,2180.151338
2022,Northern Illinois,2158.622345
2022,Northwestern,2332.025087
2022,Notre Dame,2472.343622
2022,Ohio,2129.002394
2022,Ohio State,2553.567462
2022,Oklahoma,2459.920258
2022,Oklahoma State,2344.233855
2022,Old Dominion,2124.284864
2022,Ole Miss,2387.384472
2022,Oregon,2439.177345
2022,Oregon State,2313.856734
2022,Penn State,2458.201227
2022,Pittsburgh,2337.15304
2022,Purdue,2295.021323
2022,Rice,2174.449384
2022,Rutgers,2302.007273
2022,SMU,2321.451693
2022,San Diego State,2241.76615
2022,San José State,2214.386008
2022,South Alabama,2236.998858
2022,South Carolina,2400.890356
2022,South Florida,2253.340689
2022,Stanford,2397.321372
2022,Syracuse,2286.604094
2022,TCU,2366.921559
2022,Temple,2223.423348
2022,Tennessee,2419.920004
2022,Texas,2488.441655
2022,Texas A&M,2498.756321
2022,Texas State,2131.559418
2022,Texas Tech,2341.294117
2022,Toledo,2236.753809
2022,Troy,2228.914969
2022,Tulane,2253.494061
2022,Tulsa,2232.93098
2022,UAB,2180.066594
2022,UCF,2320.325126
2022,UCLA,2407.478643
2022,UNLV,2193.77484
2022,USC,2467.097255
2022,UTEP,2070.649668
2022,Utah,2378.236563
2022,Utah State,2151.704522
2022,Vanderbilt,2301.020144
2022,Virginia,2300.332208
2022,Virginia Tech,2311.341009
2022,Wake Forest,2267.964619
2022,Washington,2387.003159
2022,Washington State,2258.04658
2022,West Virginia,2327.346952
2022,Western Kentucky,2230.027811
2022,Western Michigan,2200.081983
2022,Wisconsin,2393.201607
2022,Wyoming,2143.065622
2023,Air Force,268.4830922
2023,Akron,2219.100306
2023,Alabama,2572.246911
2023,Arizona,2366.901158
2023,Arizona State,2364.906629
2023,Arkansas,2396.637603
2023,Arkansas State,1440.787579
2023,Army,1437.189777
2023,Auburn,2429.680335
2023,BYU,2277.198736
2023,Ball State,2179.256204
2023,Baylor,2363.1766
2023,Boise State,2262.901645
2023,Boston College,2320.397156
2023,Bowling Green,2188.656977
2023,Buffalo,2226.247801
2023,California,2362.828779
2023,Central Michigan,2193.861704
2023,Charlotte,2285.012886
2023,Cincinnati,2351.954129
2023,Clemson,2514.289152
2023,Coastal Carolina,2218.428853
2023,Colorado,2387.183211
2023,Colorado State,2249.585926
2023,Duke,2302.034772
2023,East Carolina,2265.633761
2023,Eastern Michigan,2213.602118
2023,Florida,2474.303237
2023,Florida Atlantic,2287.934542
2023,Florida State,2429.444204
2023,Fresno State,2258.599036
2023,Georgia,2547.947634
2023,Georgia Southern,2195.464183
2023,Georgia State,2163.548819
2023,Georgia Tech,2373.113017
2023,Hawai'i,2151.980793
2023,Houston,2358.935755
2023,Illinois,2328.142562
2023,Indiana,2348.368147
2023,Iowa,2380.705928
2023,Iowa State,2331.106456
2023,Jacksonville State,1752.614493
2023,James Madison,2030.969338
2023,Kansas,2325.61267
2023,Kansas State,2325.625777
2023,Kent State,2192.699861
2023,Kentucky,2406.754228
2023,LSU,2514.473362
2023,Liberty,2185.746784
2023,Louisiana,2223.880372
2023,Louisiana Tech,2109.075172
2023,Louisville,2409.615577
2023,Marshall,2252.648711
2023,Maryland,2361.905594
2023,Memphis,2326.647204
2023,Miami,2482.173582
2023,Miami (OH),2220.690242
2023,Michigan,2473.16261
2023,Michigan State,2406.07405
2023,Middle Tennessee,2136.434789
2023,Minnesota,2322.519084
2023,Mississippi State,2409.378096
2023,Missouri,2418.350547
2023,NC State,2381.85107
2023,Navy,1373.967306
2023,Nebraska,2429.413201
2023,Nevada,2241.215062
2023,New Mexico,2055.487696
2023,New Mexico State,1817.448453
2023,North Carolina,2450.979429
2023,North Texas,2214.318091
2023,Northern Illinois,2178.410456
2023,Northwestern,2340.919128
2023,Notre Dame,2478.067951
2023,Ohio,2179.091469
2023,Ohio State,2548.451415
2023,Oklahoma,2493.857613
2023,Oklahoma State,2348.615328
2023,Old Dominion,2138.393649
2023,Ole Miss,2424.410622
2023,Oregon,2492.460907
2023,Oregon State,2339.129907
2023,Penn State,2481.241396
2023,Pittsburgh,2356.406172
2023,Purdue,2347.709572
2023,Rice,2224.853264
2023,Rutgers,2307.006435
2023,SMU,2389.876241
2023,San Diego State,2267.196678
2023,San José State,2224.652998
2023,South Alabama,2262.089172
2023,South Carolina,2426.074479
2023,South Florida,2308.244414
2023,Stanford,2377.446135
2023,Syracuse,2282.29699
2023,TCU,2430.251966
2023,Temple,2263.652082
2023,Tennessee,2461.158862
2023,Texas,2519.328635
2023,Texas A&M,2531.95671
2023,Texas State,2230.243961
2023,Texas Tech,2370.415325
2023,Toledo,2261.026402
2023,Troy,2265.253644
2023,Tulane,2284.081273
2023,Tulsa,2252.939564
2023,UAB,2245.32698
2023,UCF,2395.93347
2023,UCLA,2421.847513
2023,UNLV,2183.090989
2023,USC,2513.423114
2023,UTEP,2023.522758
2023,Utah,2393.176087
2023,Utah State,2213.582719
2023,Vanderbilt,2323.704009
2023,Virginia,2308.687333
2023,Virginia Tech,2325.088776
2023,Wake Forest,2296.800363
2023,Washington,2413.162624
2023,Washington State,2279.206915
2023,West Virginia,2349.377228
2023,Western Kentucky,1942.704568
2023,Western Michigan,2204.851575
2023,Wisconsin,2400.509073
2023,Wyoming,2167.740283
2024,Air Force,389.393659
2024,Akron,2215.482955
2024,Alabama,2562.497319
2024,Arizona,2331.169944
2024,Arizona State,2360.150854
2024,Arkansas,2408.684806
2024,Arkansas State,1835.644077
2024,Army,1466.55047
2024,Auburn,2453.930928
2024,BYU,2283.86938
2024,Ball State,2170.023464
2024,Baylor,2357.21816
2024,Boise State,2253.352272
2024,Boston College,2311.131197
2024,Bowling Green,2166.707447
2024,Buffalo,2199.688426
2024,California,2349.190487
2024,Central Michigan,2172.992432
2024,Charlotte,2234.833179
2024,Cincinnati,2325.851941
2024,Clemson,2507.793407
2024,Coastal Carolina,2199.840409
2024,Colorado,2356.858657
2024,Colorado State,2206.210979
2024,Duke,2264.879552
2024,East Carolina,2245.202009
2024,Eastern Michigan,2197.190444
2024,Florida,2485.399397
2024,Florida Atlantic,2259.4967
2024,Florida State,2480.725283
2024,Fresno State,2256.746288
2024,Georgia,2553.494331
2024,Georgia Southern,2173.28225
2024,Georgia State,2161.502152
2024,Georgia Tech,2339.453441
2024,Hawai'i,2153.481687
2024,Houston,2287.093923
2024,Illinois,2326.495612
2024,Indiana,2302.185565
2024,Iowa,2367.033447
2024,Iowa State,2293.152992
2024,Jacksonville State,1752.614493
2024,James Madison,2107.326228
2024,Kansas,2319.567174
2024,Kansas State,2331.103037
2024,Kent State,2176.324767
2024,Kentucky,2411.673141
2024,LSU,2501.36418
2024,Liberty,2140.439918
2024,Louisiana,2216.054687
2024,Louisiana Tech,2138.90788
2024,Louisville,2380.40564
2024,Marshall,2248.978614
2024,Maryland,2348.897124
2024,Memphis,2280.141555
2024,Miami,2487.276902
2024,Miami (OH),2201.661102
2024,Michigan,2462.561254
2024,Michigan State,2319.879049
2024,Middle Tennessee,2154.165617
2024,Minnesota,2341.131973
2024,Mississippi State,2387.754427
2024,Missouri,2438.964533
2024,NC State,2388.885406
2024,Navy,1615.717263
2024,Nebraska,2420.024767
2024,Nevada,2213.321277
2024,New Mexico,2059.386957
2024,New Mexico State,1965.194434
2024,North Carolina,2427.394034
2024,North Texas,2197.234715
2024,Northern Illinois,2168.516401
2024,Northwestern,2320.448375
2024,Notre Dame,2489.107814
2024,Ohio,2154.046931
2024,Ohio State,2556.353103
2024,Oklahoma,2496.492785
2024,Oklahoma State,2239.059904
2024,Old Dominion,2131.339256
2024,Ole Miss,2444.861904
2024,Oregon,2514.012004
2024,Oregon State,2326.49332
2024,Penn State,2493.91606
2024,Pittsburgh,2352.717875
2024,Purdue,2374.120549
2024,Rice,2199.651324
2024,Rutgers,2326.536112
2024,SMU,2417.509042
2024,San Diego State,2254.481414
2024,San José State,2219.519503
2024,South Alabama,2249.544015
2024,South Carolina,2428.487356
2024,South Florida,2280.792552
2024,Stanford,2356.606962
2024,Syracuse,2348.297641
2024,TCU,2413.64483
2024,Temple,2243.537715
2024,Tennessee,2482.047056
2024,Texas,2533.144991
2024,Texas A&M,2511.519595
2024,Texas State,2180.901689
2024,Texas Tech,2384.288089
2024,Toledo,2248.890105
2024,Troy,2247.084306
2024,Tulane,2268.787667
2024,Tulsa,2242.935272
2024,UAB,2212.696787
2024,UCF,2374.304668
2024,UCLA,2372.708414
2024,UNLV,2188.432915
2024,USC,2455.577549
2024,UTEP,2047.086213
2024,Utah,2379.958432
2024,Utah State,2182.64362
2024,Vanderbilt,2323.670839
2024,Virginia,2324.393512
2024,Virginia Tech,2343.936566
2024,Wake Forest,2298.860512
2024,Washington,2375.817121
2024,Washington State,2249.929489
2024,West Virginia,2315.185857
2024,Western Kentucky,2086.366189
2024,Western Michigan,2202.466779
2024,Wisconsin,2410.104919
2024,Wyoming,2155.402953
2025,Air Force,461.7598419935114
2025,Akron,2215.482955
2025,Alabama,2587.56268766359
2025,App State,2290.238346645682
2025,Arizona,2383.730403262954
2025,Arizona State,2372.33184000262
2025,Arkansas,2393.8867186799193
2025,Arkansas State,2322.274241399711
2025,Army,269.8088472709372
2025,Auburn,2484.2562327338223
2025,BYU,2341.3860795975215
2025,Ball State,492.753143283608
2025,Baylor,2421.950066557685
2025,Boise State,2320.2184510100333
2025,Boston College,2325.71661624396
2025,Bowling Green,479.6624155697208
2025,Buffalo,500.0218360010434
2025,California,2365.312321908532
2025,Central Michigan,713.9512832365028
2025,Charlotte,2308.5503225085085
2025,Cincinnati,2385.0732283031866
2025,Clemson,2554.820922775453
2025,Coastal Carolina,2300.5946434976267
2025,Colorado,2379.976311480549
2025,Colorado State,2334.257879580474
2025,Connecticut,2299.558764105638
2025,Delaware,2275.451673326308
2025,Duke,2416.723639667865
2025,East Carolina,2332.98621180814
2025,Eastern Michigan,928.9695558172946
2025,Florida,2551.689930274321
2025,Florida Atlantic,2306.3960406825463
2025,Florida International,2302.74309012739
2025,Florida State,2495.120491356938
2025,Fresno State,2322.102198303307
2025,Georgia,2597.4617687835935
2025,Georgia Southern,2307.586140880353
2025,Georgia State,2304.1814541503495
2025,Georgia Tech,2418.856313108444
2025,Hawai'i,2299.362125569137
2025,Houston,2379.2955807378867
2025,Illinois,2360.580344461963
2025,Indiana,2426.858804580067
2025,Iowa,2466.5320519879
2025,Iowa State,2355.8657789753693
2025,Jacksonville State,751.2933297722086
2025,James Madison,2304.0220033451797
2025,Kansas,2355.9528034434743
2025,Kansas State,2437.325842713381
2025,Kennesaw State,501.6841332302283
2025,Kent State,489.8621888292757
2025,Kentucky,2440.0021018234797
2025,LSU,2561.9501295437535
2025,Liberty,2323.0140348490554
2025,Louisiana,2312.642820347753
2025,Louisiana Monroe,516.5519080356872
2025,Louisiana Tech,2299.0634976224437
2025,Louisville,2394.4931171880935
2025,Marshall,967.5227515997796
2025,Maryland,2413.669934570654
2025,Memphis,2321.6683934705093
2025,Miami,2567.486557351711
2025,Miami (OH),1683.1516562549991
2025,Michigan,2561.076353308677
2025,Michigan State,2399.8317210948785
2025,Middle Tennessee,245.52481719809583
2025,Minnesota,2433.5173022413787
2025,Mississippi State,2451.499026084639
2025,Missouri,2484.31961623269
2025,NC State,2423.0812516736473
2025,Navy,266.5706182259277
2025,Nebraska,2493.1594403800996
2025,Nevada,2306.7247473710368
2025,New Mexico,2294.062311279625
2025,New Mexico State,1965.194434
2025,North Carolina,2397.126368219905
2025,North Texas,2307.9859601495223
2025,Northern Illinois,716.5935318118184
2025,Northwestern,2360.170361976899
2025,Notre Dame,2571.3637221250797
2025,Ohio,2292.0366489732296
2025,Ohio State,2585.720186765805
2025,Oklahoma,2546.0212235761014
2025,Oklahoma State,2370.3273605079044
2025,Old Dominion,727.6022460652163
2025,Ole Miss,2499.285743864332
2025,Oregon,2568.86935314754
2025,Oregon State,2358.0697427523583
2025,Penn State,2554.200486558512
2025,Pittsburgh,2357.304262021045
2025,Purdue,2339.2790666905053
2025,Rice,2305.136417205202
2025,Rutgers,2426.697887581288
2025,SMU,2412.8661964659514
2025,Sam Houston State,248.5190222858775
2025,San Diego State,2331.44509146144
2025,San José State,2322.306131264904
2025,South Alabama,494.3467725939688
2025,South Carolina,2522.560155491406
2025,South Florida,2314.7367510687623
2025,Southern Mississippi,2309.3632222714664
2025,Stanford,2402.427839488581
2025,Syracuse,2357.857238383246
2025,TCU,2468.026932742589
2025,Temple,2321.8005070764684
2025,Tennessee,2554.355872419878
2025,Texas,2586.003820991776
2025,Texas A&M,2549.4052160976994
2025,Texas State,1162.4807747667496
2025,Texas Tech,2486.794887738414
2025,Toledo,2327.119068277938
2025,Troy,498.14259755634566
2025,Tulane,2334.44062654019
2025,Tulsa,2318.171821684055
2025,UAB,2301.936435301637
2025,UCF,2375.1397706286148
2025,UCLA,2402.2665428294395
2025,UMass,254.50743246144083
2025,UNLV,2322.143708282775
2025,USC,2511.815320940907
2025,UT San Antonio,2343.8674279838797
2025,UTEP,757.2301146310473
2025,Utah,2452.1983738154418
2025,Utah State,2296.616131462466
2025,Vanderbilt,2409.279566569653
2025,Virginia,2371.1341101157327
2025,Virginia Tech,2439.797632190077
2025,Wake Forest,2379.791584434309
2025,Washington,2461.3772074847343
2025,Washington State,2329.2881456258388
2025,West Virginia,2359.0768075295427
2025,Western Kentucky,2301.0326562108576
2025,Western Michigan,517.260769412775
2025,Wisconsin,2462.830772079559
2025,Wyoming,2309.66812248751
2026,Alabama,2588.690064725065
2026,App State,245.52481719809583
2026,Arizona,2404.2523578289924
2026,Arizona State,2406.404403834643
2026,Arkansas,2376.589088053035
2026,Arkansas State,260.49584263700416
2026,Auburn,2484.6800719587036
2026,BYU,2363.979902964986
2026,Baylor,2394.379344587172
2026,Boise State,2337.2961007497715
2026,Boston College,2338.7491687647716
2026,Bowling Green,260.49584263700416
2026,California,2389.5591366712893
2026,Cincinnati,2383.5684275516533
2026,Clemson,2532.332550255439
2026,Colorado,2398.3916383029236
2026,Colorado State,2330.059430540579
2026,Connecticut,266.48425281256743
2026,Duke,2410.106506227195
2026,Florida,2554.70520196446
2026,Florida Atlantic,263.4900477247858
2026,Florida International,263.4900477247858
2026,Florida State,2511.1550406444417
2026,Fresno State,2328.618252992064
2026,Georgia,2594.047912376024
2026,Georgia Tech,2433.431160690199
2026,Hawai'i,245.52481719809583
2026,Houston,2416.866035795822
2026,Illinois,2390.042502318603
2026,Indiana,2464.4401421740345
2026,Iowa,2462.3736116569985
2026,Iowa State,2364.999467083137
2026,Jacksonville State,257.5016375492225
2026,Kansas,2363.959709366378
2026,Kansas State,2446.0520438100903
2026,Kennesaw State,254.50743246144083
2026,Kentucky,2445.1677815533767
2026,LSU,2581.7306150694944
2026,Louisiana Monroe,257.5016375492225
2026,Louisiana Tech,257.5016375492225
2026,Louisville,2415.9044851048093
2026,Marshall,242.5306121103142
2026,Maryland,2422.663402422928
2026,Memphis,1241.1761237055623
2026,Miami,2576.2486540636023
2026,Michigan,2564.399520524206
2026,Michigan State,2419.600300976332
2026,Minnesota,2427.0039888933275
2026,Mississippi State,2478.551690477867
2026,Missouri,2483.4167367116097
2026,NC State,2418.8810086328585
2026,Nebraska,2486.974523497036
2026,Nevada,481.137700149554
2026,New Mexico,254.50743246144083
2026,North Carolina,2428.168325311459
2026,North Texas,522.4886928945259
2026,Northern Illinois,254.50743246144083
2026,Northwestern,2392.3957044760987
2026,Notre Dame,2588.810484062089
2026,Ohio State,2593.742731946684
2026,Oklahoma,2543.1995797397185
2026,Oklahoma State,2405.151552007195
2026,Old Dominion,248.5190222858775
2026,Ole Miss,2501.155271864248
2026,Oregon,2574.307747250963
2026,Oregon State,2316.811784783077
2026,Penn State,2514.1499397207317
2026,Pittsburgh,2362.544527638945
2026,Purdue,2348.1084285098177
2026,Rutgers,2412.970413356656
2026,SMU,2437.673195582163
2026,San Diego State,2347.1348217127206
2026,South Carolina,2559.448444988516
2026,South Florida,2322.913075494253
2026,Stanford,2410.187632262269
2026,Syracuse,2374.6068608562896
2026,TCU,2460.464295379119
2026,Temple,2325.8297088320237
2026,Tennessee,2567.9529781172378
2026,Texas,2595.414243164707
2026,Texas A&M,2559.354456531428
2026,Texas State,260.49584263700416
2026,Texas Tech,2494.2736850296496
2026,Tulane,260.49584263700416
2026,Tulsa,266.48425281256743
2026,UCF,2393.6730269947966
2026,UCLA,2407.1192579778917
2026,UNLV,260.49584263700416
2026,USC,2563.245065222146
2026,UT San Antonio,254.50743246144083
2026,UTEP,254.50743246144083
2026,Utah,2414.3859276382937
2026,Utah State,2289.8066271048365
2026,Vanderbilt,2448.9987278827525
2026,Virginia,2378.885306826557
2026,Virginia Tech,2423.539801616611
2026,Wake Forest,2395.13650171038
2026,Washington,2506.5532008978253
2026,West Virginia,2400.7245409559887
2026,Western Kentucky,254.50743246144083
2026,Wisconsin,2441.109828012512
