season,team,off_rtprod,def_rtprod
2015,Air Force,0.61,0.45
2015,Akron,0.63,0.59
2015,Alabama,0.26,0.64
2015,Arizona,0.72,0.55
2015,Arizona State,0.47,0.66
2015,Arkansas,0.81,0.56
2015,Arkansas State,0.88,0.57
2015,Army,0.46,0.72
2015,Auburn,0.34,0.57
2015,BYU,0.51,0.54
2015,Ball State,0.96,0.7
2015,Baylor,0.54,0.85
2015,Boise State,0.58,0.76
2015,Boston College,0.31,0.49
2015,Bowling Green,0.94,0.43
2015,Buffalo,0.73,0.38
2015,California,0.84,0.79
2015,Central Michigan,0.63,0.68
2015,Charlotte,0.89,0.84
2015,Cincinnati,0.83,0.64
2015,Clemson,0.64,0.4
2015,Colorado,0.75,0.8
2015,Colorado State,0.52,0.75
2015,Connecticut,0.42,0.85
2015,Duke,0.34,0.78
2015,East Carolina,0.41,0.64
2015,Eastern Michigan,0.52,0.62
2015,Florida,0.53,0.75
2015,Florida Atlantic,0.65,0.49
2015,Florida International,0.66,0.72
2015,Florida State,0.38,0.6
2015,Fresno State,0.31,0.52
2015,Georgia,0.55,0.55
2015,Georgia State,0.75,0.94
2015,Georgia Tech,0.48,0.75
2015,Hawai'i,0.74,0.66
2015,Houston,0.45,0.69
2015,Idaho,0.58,0.64
2015,Illinois,0.61,0.7
2015,Indiana,0.6,0.56
2015,Iowa,0.43,0.59
2015,Iowa State,0.7,0.65
2015,Kansas,0.2,0.38
2015,Kansas State,0.25,0.6
2015,Kent State,0.71,0.88
2015,Kentucky,0.79,0.72
2015,LSU,0.86,0.6
2015,Louisiana,0.4,0.38
2015,Louisiana Monroe,0.37,0.76
2015,Louisiana Tech,0.56,0.61
2015,Louisville,0.5,0.5
2015,Marshall,0.35,0.56
2015,Maryland,0.41,0.59
2015,Memphis,0.79,0.45
2015,Miami,0.61,0.65
2015,Miami (OH),0.37,0.7
2015,Michigan,0.66,0.53
2015,Michigan State,0.71,0.49
2015,Middle Tennessee,0.7,0.7
2015,Minnesota,0.57,0.71
2015,Mississippi State,0.67,0.6
2015,Missouri,0.57,0.53
2015,NC State,0.71,0.73
2015,Navy,0.67,0.58
2015,Nebraska,0.71,0.63
2015,Nevada,0.38,0.54
2015,New Mexico,0.62,0.48
2015,New Mexico State,0.74,0.76
2015,North Carolina,0.92,0.81
2015,North Texas,0.69,0.54
2015,Northern Illinois,0.68,0.81
2015,Northwestern,0.46,0.78
2015,Notre Dame,0.56,0.85
2015,Ohio,0.84,0.86
2015,Ohio State,0.82,0.72
2015,Oklahoma,0.73,0.61
2015,Oklahoma State,0.66,0.77
2015,Old Dominion,0.49,0.43
2015,Ole Miss,0.62,0.58
2015,Oregon,0.66,0.49
2015,Oregon State,0.53,0.33
2015,Penn State,0.8,0.66
2015,Pittsburgh,0.73,0.71
2015,Purdue,0.78,0.63
2015,Rice,0.68,0.33
2015,Rutgers,0.47,0.54
2015,SMU,0.81,0.76
2015,San Diego State,0.57,0.75
2015,San José State,0.8,0.6
2015,South Alabama,0.51,0.36
2015,South Carolina,0.3,0.67
2015,South Florida,0.36,0.79
2015,Southern Mississippi,0.83,0.58
2015,Stanford,0.73,0.33
2015,Syracuse,0.74,0.31
2015,TCU,0.87,0.5
2015,Temple,0.77,0.9
2015,Tennessee,0.76,0.76
2015,Texas,0.56,0.46
2015,Texas A&M,0.56,0.64
2015,Texas State,0.74,0.51
2015,Texas Tech,0.8,0.83
2015,Toledo,0.73,0.8
2015,Troy,0.7,0.74
2015,Tulane,0.74,0.55
2015,Tulsa,0.94,0.57
2015,UCF,0.51,0.26
2015,UCLA,0.62,0.62
2015,UMass,0.9,0.9
2015,UNLV,0.58,0.47
2015,USC,0.68,0.7
2015,UT San Antonio,0.35,0.48
2015,UTEP,0.24,0.5
2015,Utah,0.66,0.61
2015,Utah State,0.63,0.55
2015,Vanderbilt,0.74,0.91
2015,Virginia,0.52,0.46
2015,Virginia Tech,0.78,0.72
2015,Wake Forest,0.69,0.68
2015,Washington,0.43,0.44
2015,Washington State,0.58,0.57
2015,West Virginia,0.34,0.77
2015,Western Kentucky,0.74,0.79
2015,Western Michigan,0.93,0.6
2015,Wisconsin,0.7,0.76
2015,Wyoming,0.3,0.46
2016,Air Force,0.34,0.85
2016,Akron,0.74,0.52
2016,Alabama,0.46,0.66
2016,Appalachian State,0.72,0.75
2016,Arizona,0.6,0.57
2016,Arizona State,0.31,0.4
2016,Arkansas,0.39,0.88
2016,Arkansas State,0.39,0.7
2016,Army,0.59,0.81
2016,Auburn,0.61,0.55
2016,BYU,0.7,0.74
2016,Ball State,0.77,0.86
2016,Baylor,0.48,0.59
2016,Boise State,0.86,0.51
2016,Boston College,0.78,0.7
2016,Bowling Green,0.21,0.62
2016,Buffalo,0.31,0.69
2016,California,0.19,0.47
2016,Central Michigan,0.85,0.67
2016,Charlotte,0.92,0.82
2016,Cincinnati,0.55,0.82
2016,Clemson,0.88,0.5
2016,Colorado,0.73,0.76
2016,Colorado State,0.58,0.39
2016,Connecticut,0.92,0.71
2016,Duke,0.71,0.72
2016,East Carolina,0.51,0.58
2016,Eastern Michigan,0.74,0.72
2016,Florida,0.46,0.58
2016,Florida Atlantic,0.54,0.61
2016,Florida International,0.8,0.5
2016,Florida State,0.77,0.52
2016,Fresno State,0.66,0.6
2016,Georgia,0.74,0.76
2016,Georgia Southern,0.86,0.38
2016,Georgia State,0.45,0.69
2016,Georgia Tech,0.89,0.4
2016,Hawai'i,0.66,0.68
2016,Houston,0.69,0.46
2016,Idaho,0.81,0.74
2016,Illinois,0.76,0.41
2016,Indiana,0.45,0.76
2016,Iowa,0.72,0.67
2016,Iowa State,0.56,0.69
2016,Kansas,0.78,0.83
2016,Kansas State,0.67,0.65
2016,Kent State,0.81,0.83
2016,Kentucky,0.63,0.51
2016,LSU,0.89,0.86
2016,Louisiana,0.54,0.73
2016,Louisiana Monroe,0.8,0.41
2016,Louisiana Tech,0.42,0.35
2016,Louisville,0.99,0.79
2016,Marshall,0.73,0.53
2016,Maryland,0.9,0.42
2016,Memphis,0.37,0.64
2016,Miami,0.77,0.61
2016,Miami (OH),0.84,0.63
2016,Michigan,0.63,0.71
2016,Michigan State,0.27,0.57
2016,Middle Tennessee,0.68,0.57
2016,Minnesota,0.82,0.56
2016,Mississippi State,0.38,0.63
2016,Missouri,0.64,0.63
2016,NC State,0.48,0.68
2016,Navy,0.34,0.57
2016,Nebraska,0.9,0.59
2016,Nevada,0.96,0.67
2016,New Mexico,0.76,0.73
2016,New Mexico State,0.85,0.7
2016,North Carolina,0.51,0.66
2016,North Texas,0.43,0.77
2016,Northern Illinois,0.84,0.61
2016,Northwestern,0.7,0.47
2016,Notre Dame,0.61,0.37
2016,Ohio,0.48,0.41
2016,Ohio State,0.29,0.36
2016,Oklahoma,0.71,0.6
2016,Oklahoma State,0.78,0.62
2016,Old Dominion,0.99,0.77
2016,Ole Miss,0.69,0.54
2016,Oregon,0.67,0.74
2016,Oregon State,0.7,0.68
2016,Penn State,0.5,0.61
2016,Pittsburgh,0.7,0.79
2016,Purdue,0.64,0.66
2016,Rice,0.5,0.82
2016,Rutgers,0.82,0.89
2016,SMU,0.93,0.63
2016,San Diego State,0.52,0.79
2016,San José State,0.68,0.56
2016,South Alabama,0.37,0.66
2016,South Carolina,0.49,0.46
2016,South Florida,0.89,0.66
2016,Southern Mississippi,0.68,0.72
2016,Stanford,0.33,0.61
2016,Syracuse,0.91,0.75
2016,TCU,0.47,0.71
2016,Temple,0.72,0.53
2016,Tennessee,0.85,0.79
2016,Texas,0.79,0.79
2016,Texas A&M,0.58,0.7
2016,Texas State,0.51,0.62
2016,Texas Tech,0.68,0.67
2016,Toledo,0.63,0.4
2016,Troy,0.57,0.5
2016,Tulane,0.27,0.71
2016,Tulsa,0.72,0.67
2016,UCF,0.88,0.87
2016,UCLA,0.62,0.79
2016,UMass,0.19,0.45
2016,UNLV,0.56,0.61
2016,USC,0.55,0.74
2016,UT San Antonio,0.61,0.59
2016,UTEP,0.89,0.57
2016,Utah,0.23,0.73
2016,Utah State,0.59,0.42
2016,Vanderbilt,0.6,0.79
2016,Virginia,0.8,0.6
2016,Virginia Tech,0.67,0.76
2016,Wake Forest,0.89,0.78
2016,Washington,0.75,0.77
2016,Washington State,0.87,0.66
2016,West Virginia,0.85,0.34
2016,Western Kentucky,0.47,0.59
2016,Western Michigan,0.77,0.6
2016,Wisconsin,0.35,0.53
2016,Wyoming,0.61,0.79
2017,Air Force,0.33,0.18
2017,Akron,0.63,0.51
2017,Alabama,0.64,0.59
2017,Appalachian State,0.8,0.72
2017,Arizona,0.7,0.79
2017,Arizona State,0.72,0.7
2017,Arkansas,0.55,0.58
2017,Arkansas State,0.78,0.5
2017,Army,0.66,0.74
2017,Auburn,0.72,0.6
2017,BYU,0.34,0.7
2017,Ball State,0.65,0.62
2017,Baylor,0.45,0.67
2017,Boise State,0.6,0.5
2017,Boston College,0.67,0.72
2017,Bowling Green,0.74,0.69
2017,Buffalo,0.47,0.71
2017,California,0.38,0.78
2017,Central Michigan,0.6,0.74
2017,Charlotte,0.63,0.59
2017,Cincinnati,0.7,0.64
2017,Clemson,0.32,0.62
2017,Coastal Carolina,0.55,0.41
2017,Colorado,0.77,0.29
2017,Colorado State,0.84,0.74
2017,Connecticut,0.6,0.53
2017,Duke,0.79,0.55
2017,East Carolina,0.37,0.61
2017,Eastern Michigan,0.92,0.69
2017,Florida,0.81,0.53
2017,Florida Atlantic,0.91,0.76
2017,Florida International,0.85,0.85
2017,Florida State,0.6,0.8
2017,Fresno State,0.77,0.4
2017,Georgia,0.77,0.85
2017,Georgia Southern,0.35,0.57
2017,Georgia State,0.65,0.62
2017,Georgia Tech,0.62,0.82
2017,Hawai'i,0.64,0.56
2017,Houston,0.51,0.58
2017,Idaho,0.56,0.43
2017,Illinois,0.5,0.53
2017,Indiana,0.63,0.96
2017,Iowa,0.27,0.68
2017,Iowa State,0.86,0.65
2017,Kansas,0.78,0.38
2017,Kansas State,0.79,0.61
2017,Kent State,0.62,0.47
2017,Kentucky,0.87,0.76
2017,LSU,0.59,0.4
2017,Louisiana,0.4,0.69
2017,Louisiana Monroe,0.79,0.67
2017,Louisiana Tech,0.26,0.59
2017,Louisville,0.58,0.8
2017,Marshall,0.5,0.76
2017,Maryland,0.38,0.77
2017,Memphis,0.87,0.51
2017,Miami,0.37,0.55
2017,Miami (OH),0.82,0.75
2017,Michigan,0.46,0.22
2017,Michigan State,0.35,0.52
2017,Middle Tennessee,0.81,0.59
2017,Minnesota,0.45,0.68
2017,Mississippi State,0.72,0.59
2017,Missouri,0.89,0.54
2017,NC State,0.83,0.58
2017,Navy,0.32,0.74
2017,Nebraska,0.26,0.65
2017,Nevada,0.61,0.81
2017,New Mexico,0.66,0.33
2017,New Mexico State,0.57,0.83
2017,North Carolina,0.19,0.64
2017,North Texas,0.63,0.69
2017,Northern Illinois,0.38,0.74
2017,Northwestern,0.67,0.77
2017,Notre Dame,0.58,0.56
2017,Ohio,0.41,0.67
2017,Ohio State,0.68,0.57
2017,Oklahoma,0.6,0.73
2017,Oklahoma State,0.78,0.56
2017,Old Dominion,0.51,0.69
2017,Ole Miss,0.37,0.63
2017,Oregon,0.76,0.91
2017,Oregon State,0.77,0.63
2017,Penn State,0.79,0.68
2017,Pittsburgh,0.44,0.44
2017,Purdue,0.55,0.76
2017,Rice,0.53,0.78
2017,Rutgers,0.6,0.76
2017,SMU,0.94,0.59
2017,San Diego State,0.79,0.53
2017,San José State,0.51,0.76
2017,South Alabama,0.46,0.58
2017,South Carolina,0.91,0.72
2017,South Florida,0.71,0.77
2017,Southern Mississippi,0.61,0.6
2017,Stanford,0.76,0.74
2017,Syracuse,0.64,0.93
2017,TCU,0.92,0.77
2017,Temple,0.58,0.56
2017,Tennessee,0.42,0.61
2017,Texas,0.84,0.8
2017,Texas A&M,0.39,0.64
2017,Texas State,0.68,0.68
2017,Texas Tech,0.62,0.59
2017,Toledo,0.68,0.49
2017,Troy,0.93,0.56
2017,Tulane,0.81,0.8
2017,Tulsa,0.29,0.75
2017,UCF,0.78,0.38
2017,UCLA,0.68,0.4
2017,UMass,0.74,0.84
2017,UNLV,0.9,0.41
2017,USC,0.58,0.67
2017,UT San Antonio,0.81,0.74
2017,UTEP,0.57,0.71
2017,Utah,0.59,0.37
2017,Utah State,0.76,0.56
2017,Vanderbilt,0.94,0.68
2017,Virginia,0.64,0.84
2017,Virginia Tech,0.34,0.79
2017,Wake Forest,0.97,0.69
2017,Washington,0.75,0.5
2017,Washington State,0.67,0.72
2017,West Virginia,0.3,0.25
2017,Western Kentucky,0.46,0.62
2017,Western Michigan,0.15,0.78
2017,Wisconsin,0.66,0.68
2017,Wyoming,0.45,0.87
2018,Air Force,0.7,0.53
2018,Akron,0.35,0.87
2018,Alabama,0.62,0.53
2018,Appalachian State,0.45,0.63
2018,Arizona,0.7,0.79
2018,Arizona State,0.78,0.48
2018,Arkansas,0.76,0.66
2018,Arkansas State,0.66,0.58
2018,Army,0.42,0.74
2018,Auburn,0.78,0.61
2018,BYU,0.85,0.76
2018,Ball State,0.84,0.85
2018,Baylor,0.93,0.82
2018,Boise State,0.54,0.88
2018,Boston College,0.81,0.65
2018,Bowling Green,0.68,0.85
2018,Buffalo,0.82,0.64
2018,California,0.85,0.68
2018,Central Michigan,0.27,0.49
2018,Charlotte,0.76,0.9
2018,Cincinnati,0.69,0.56
2018,Clemson,0.73,0.75
2018,Coastal Carolina,0.65,0.7
2018,Colorado,0.44,0.51
2018,Colorado State,0.27,0.44
2018,Connecticut,0.75,0.47
2018,Duke,0.82,0.78
2018,East Carolina,0.55,0.55
2018,Eastern Michigan,0.43,0.84
2018,Florida,0.77,0.74
2018,Florida Atlantic,0.53,0.9
2018,Florida International,0.5,0.37
2018,Florida State,0.74,0.46
2018,Fresno State,0.83,0.74
2018,Georgia,0.66,0.54
2018,Georgia Southern,0.85,0.95
2018,Georgia State,0.6,0.54
2018,Georgia Tech,0.66,0.52
2018,Hawai'i,0.58,0.74
2018,Houston,0.42,0.59
2018,Illinois,0.64,0.62
2018,Indiana,0.6,0.41
2018,Iowa,0.67,0.54
2018,Iowa State,0.54,0.62
2018,Kansas,0.91,0.92
2018,Kansas State,0.77,0.52
2018,Kent State,0.87,0.68
2018,Kentucky,0.47,0.9
2018,LSU,0.39,0.57
2018,Liberty,0.77,0.85
2018,Louisiana,0.89,0.48
2018,Louisiana Monroe,0.86,0.7
2018,Louisiana Tech,0.73,0.76
2018,Louisville,0.54,0.38
2018,Marshall,0.65,0.81
2018,Maryland,0.65,0.58
2018,Memphis,0.44,0.64
2018,Miami,0.68,0.7
2018,Miami (OH),0.72,0.74
2018,Michigan,0.74,0.83
2018,Michigan State,0.92,0.91
2018,Middle Tennessee,0.86,0.61
2018,Minnesota,0.69,0.66
2018,Mississippi State,0.82,0.8
2018,Missouri,0.7,0.66
2018,NC State,0.7,0.35
2018,Navy,0.51,0.46
2018,Nebraska,0.59,0.7
2018,Nevada,0.79,0.78
2018,New Mexico,0.64,0.66
2018,New Mexico State,0.41,0.83
2018,North Carolina,0.77,0.7
2018,North Texas,0.78,0.6
2018,Northern Illinois,0.68,0.63
2018,Northwestern,0.67,0.61
2018,Notre Dame,0.54,0.96
2018,Ohio,0.7,0.54
2018,Ohio State,0.72,0.51
2018,Oklahoma,0.55,0.52
2018,Oklahoma State,0.44,0.54
2018,Old Dominion,0.72,0.79
2018,Ole Miss,0.64,0.62
2018,Oregon,0.72,0.63
2018,Oregon State,0.58,0.76
2018,Penn State,0.51,0.53
2018,Pittsburgh,0.6,0.75
2018,Purdue,0.77,0.41
2018,Rice,0.84,0.67
2018,Rutgers,0.6,0.81
2018,SMU,0.58,0.8
2018,San Diego State,0.57,0.63
2018,San José State,0.9,0.49
2018,South Alabama,0.79,0.58
2018,South Carolina,0.84,0.47
2018,South Florida,0.38,0.54
2018,Southern Mississippi,0.43,0.3
2018,Stanford,0.81,0.51
2018,Syracuse,0.59,0.68
2018,TCU,0.44,0.61
2018,Temple,0.71,0.61
2018,Tennessee,0.58,0.48
2018,Texas,0.79,0.57
2018,Texas A&M,0.66,0.78
2018,Texas State,0.58,0.71
2018,Texas Tech,0.31,0.96
2018,Toledo,0.54,0.62
2018,Troy,0.44,0.59
2018,Tulane,0.86,0.44
2018,Tulsa,0.77,0.66
2018,UAB,0.96,0.65
2018,UCF,0.71,0.76
2018,UCLA,0.45,0.72
2018,UMass,0.87,0.55
2018,UNLV,0.7,0.66
2018,USC,0.4,0.65
2018,UT San Antonio,0.28,0.53
2018,UTEP,0.71,0.71
2018,Utah,0.58,0.64
2018,Utah State,0.69,0.65
2018,Vanderbilt,0.58,0.52
2018,Virginia,0.5,0.72
2018,Virginia Tech,0.68,0.64
2018,Wake Forest,0.74,0.69
2018,Washington,0.7,0.81
2018,Washington State,0.49,0.61
2018,West Virginia,0.72,0.57
2018,Western Kentucky,0.47,0.69
2018,Western Michigan,0.63,0.51
2018,Wisconsin,0.79,0.42
2018,Wyoming,0.79,0.74
2019,Air Force,0.62,0.62
2019,Akron,0.67,0.44
2019,Alabama,0.67,0.59
2019,Appalachian State,0.87,0.61
2019,Arizona,0.61,0.82
2019,Arizona State,0.52,0.81
2019,Arkansas,0.64,0.6
2019,Arkansas State,0.53,0.75
2019,Army,0.8,0.51
2019,Auburn,0.54,0.67
2019,BYU,0.69,0.57
2019,Ball State,0.66,0.84
2019,Baylor,0.65,0.85
2019,Boise State,0.4,0.77
2019,Boston College,0.69,0.38
2019,Bowling Green,0.71,0.42
2019,Buffalo,0.4,0.46
2019,California,0.51,0.78
2019,Central Michigan,0.83,0.4
2019,Charlotte,0.6,0.69
2019,Cincinnati,0.71,0.71
2019,Clemson,0.77,0.52
2019,Coastal Carolina,0.63,0.73
2019,Colorado,0.71,0.64
2019,Colorado State,0.36,0.55
2019,Connecticut,0.36,0.91
2019,Duke,0.37,0.71
2019,East Carolina,0.65,0.56
2019,Eastern Michigan,0.53,0.49
2019,Florida,0.77,0.71
2019,Florida Atlantic,0.57,0.56
2019,Florida International,0.85,0.76
2019,Florida State,0.74,0.8
2019,Fresno State,0.34,0.41
2019,Georgia,0.53,0.72
2019,Georgia Southern,0.76,0.74
2019,Georgia State,0.73,0.73
2019,Georgia Tech,0.44,0.55
2019,Hawai'i,0.73,0.84
2019,Houston,0.82,0.39
2019,Illinois,0.7,0.81
2019,Indiana,0.78,0.77
2019,Iowa,0.72,0.57
2019,Iowa State,0.53,0.68
2019,Kansas,0.49,0.56
2019,Kansas State,0.69,0.75
2019,Kent State,0.86,0.73
2019,Kentucky,0.64,0.39
2019,LSU,0.82,0.7
2019,Liberty,0.79,0.68
2019,Louisiana,0.63,0.66
2019,Louisiana Monroe,0.61,0.7
2019,Louisiana Tech,0.76,0.68
2019,Louisville,0.69,0.79
2019,Marshall,0.63,0.5
2019,Maryland,0.69,0.56
2019,Memphis,0.79,0.82
2019,Miami,0.63,0.57
2019,Miami (OH),0.57,0.57
2019,Michigan,0.76,0.5
2019,Michigan State,0.78,0.53
2019,Middle Tennessee,0.45,0.51
2019,Minnesota,0.9,0.66
2019,Mississippi State,0.59,0.56
2019,Missouri,0.54,0.67
2019,NC State,0.32,0.74
2019,Navy,0.47,0.41
2019,Nebraska,0.59,0.55
2019,Nevada,0.71,0.54
2019,New Mexico,0.59,0.43
2019,New Mexico State,0.79,0.48
2019,North Carolina,0.81,0.61
2019,North Texas,0.79,0.48
2019,Northern Illinois,0.64,0.75
2019,Northwestern,0.53,0.71
2019,Notre Dame,0.57,0.55
2019,Ohio,0.41,0.63
2019,Ohio State,0.42,0.85
2019,Oklahoma,0.46,0.81
2019,Oklahoma State,0.56,0.68
2019,Old Dominion,0.45,0.62
2019,Ole Miss,0.3,0.71
2019,Oregon,0.73,0.71
2019,Oregon State,0.62,0.86
2019,Penn State,0.44,0.68
2019,Pittsburgh,0.64,0.64
2019,Purdue,0.37,0.72
2019,Rice,0.76,0.85
2019,Rutgers,0.75,0.44
2019,SMU,0.68,0.79
2019,San Diego State,0.66,0.69
2019,San José State,0.63,0.62
2019,South Alabama,0.44,0.51
2019,South Carolina,0.68,0.64
2019,South Florida,0.83,0.55
2019,Southern Mississippi,0.94,0.71
2019,Stanford,0.45,0.63
2019,Syracuse,0.55,0.71
2019,TCU,0.73,0.47
2019,Temple,0.64,0.61
2019,Tennessee,0.91,0.76
2019,Texas,0.57,0.4
2019,Texas A&M,0.62,0.49
2019,Texas State,0.8,0.85
2019,Texas Tech,0.59,0.63
2019,Toledo,0.5,0.57
2019,Troy,0.59,0.76
2019,Tulane,0.5,0.63
2019,Tulsa,0.71,0.79
2019,UAB,0.33,0.39
2019,UCF,0.54,0.63
2019,UCLA,0.61,0.81
2019,UMass,0.4,0.45
2019,UNLV,0.8,0.56
2019,USC,0.79,0.43
2019,UT San Antonio,0.66,0.51
2019,UTEP,0.58,0.35
2019,Utah,0.9,0.59
2019,Utah State,0.46,0.63
2019,Vanderbilt,0.72,0.43
2019,Virginia,0.56,0.72
2019,Virginia Tech,0.6,0.96
2019,Wake Forest,0.55,0.72
2019,Washington,0.67,0.34
2019,Washington State,0.58,0.64
2019,West Virginia,0.42,0.67
2019,Western Kentucky,0.81,0.72
2019,Western Michigan,0.84,0.85
2019,Wisconsin,0.85,0.6
2019,Wyoming,0.52,0.46
2020,Air Force,0.46,0.38
2020,Akron,0.89,0.66
2020,Alabama,0.55,0.6
2020,Appalachian State,0.87,0.53
2020,Arizona,0.66,0.79
2020,Arizona State,0.5,0.76
2020,Arkansas,0.63,0.68
2020,Arkansas State,0.77,0.54
2020,Army,0.61,0.44
2020,Auburn,0.61,0.6
2020,BYU,0.77,0.62
2020,Ball State,0.68,0.81
2020,Baylor,0.7,0.32
2020,Boise State,0.54,0.75
2020,Boston College,0.54,0.81
2020,Bowling Green,0.45,0.49
2020,Buffalo,0.8,0.62
2020,California,0.93,0.5
2020,Central Michigan,0.7,0.77
2020,Charlotte,0.77,0.46
2020,Cincinnati,0.69,0.76
2020,Clemson,0.6,0.51
2020,Coastal Carolina,0.88,0.62
2020,Colorado,0.36,0.62
2020,Colorado State,0.76,0.63
2020,Connecticut,0.71,0.65
2020,Duke,0.56,0.73
2020,East Carolina,0.87,0.79
2020,Eastern Michigan,0.4,0.49
2020,Florida,0.63,0.67
2020,Florida Atlantic,0.59,0.43
2020,Florida International,0.3,0.59
2020,Florida State,0.63,0.83
2020,Fresno State,0.5,0.62
2020,Georgia,0.5,0.8
2020,Georgia Southern,0.8,0.59
2020,Georgia State,0.53,0.83
2020,Georgia Tech,0.74,0.94
2020,Hawai'i,0.44,0.6
2020,Houston,0.73,0.93
2020,Illinois,0.86,0.71
2020,Indiana,0.74,0.82
2020,Iowa,0.5,0.56
2020,Iowa State,0.62,0.73
2020,Kansas,0.41,0.44
2020,Kansas State,0.59,0.63
2020,Kent State,0.68,0.57
2020,Kentucky,0.68,0.78
2020,LSU,0.3,0.54
2020,Liberty,0.44,0.59
2020,Louisiana,0.65,0.67
2020,Louisiana Monroe,0.29,0.69
2020,Louisiana Tech,0.61,0.31
2020,Louisville,0.79,0.77
2020,Marshall,0.78,0.63
2020,Maryland,0.62,0.51
2020,Memphis,0.69,0.77
2020,Miami,0.59,0.5
2020,Miami (OH),0.86,0.61
2020,Michigan,0.36,0.49
2020,Michigan State,0.43,0.49
2020,Middle Tennessee,0.82,0.51
2020,Minnesota,0.82,0.33
2020,Mississippi State,0.54,0.48
2020,Missouri,0.43,0.64
2020,NC State,0.81,0.67
2020,Navy,0.5,0.66
2020,Nebraska,0.92,0.59
2020,Nevada,0.73,0.65
2020,New Mexico,0.7,0.51
2020,New Mexico State,0.53,0.47
2020,North Carolina,0.87,0.64
2020,North Texas,0.41,0.5
2020,Northern Illinois,0.39,0.59
2020,Northwestern,0.88,0.8
2020,Notre Dame,0.66,0.51
2020,Ohio,0.51,0.78
2020,Ohio State,0.65,0.47
2020,Oklahoma,0.49,0.7
2020,Oklahoma State,0.75,0.86
2020,Old Dominion,0.8,0.83
2020,Ole Miss,0.78,0.64
2020,Oregon,0.34,0.81
2020,Oregon State,0.35,0.82
2020,Penn State,0.74,0.63
2020,Pittsburgh,0.77,0.6
2020,Purdue,0.76,0.73
2020,Rice,0.63,0.96
2020,Rutgers,0.76,0.79
2020,SMU,0.75,0.53
2020,San Diego State,0.52,0.6
2020,San José State,0.49,0.63
2020,South Alabama,0.7,0.6
2020,South Carolina,0.72,0.72
2020,South Florida,0.68,0.74
2020,Southern Mississippi,0.7,0.58
2020,Stanford,0.71,0.74
2020,Syracuse,0.61,0.42
2020,TCU,0.61,0.68
2020,Temple,0.73,0.38
2020,Tennessee,0.68,0.69
2020,Texas,0.66,0.82
2020,Texas A&M,0.8,0.74
2020,Texas State,0.59,0.32
2020,Texas Tech,0.48,0.71
2020,Toledo,0.72,0.7
2020,Troy,0.48,0.71
2020,Tulane,0.31,0.58
2020,Tulsa,0.88,0.34
2020,UAB,0.82,0.8
2020,UCF,0.67,0.75
2020,UCLA,0.75,0.53
2020,UMass,0.52,0.51
2020,UNLV,0.8,0.29
2020,USC,0.77,0.87
2020,UT San Antonio,0.76,0.53
2020,UTEP,0.39,0.44
2020,Utah,0.48,0.27
2020,Utah State,0.51,0.57
2020,Vanderbilt,0.35,0.93
2020,Virginia,0.51,0.81
2020,Virginia Tech,0.74,0.89
2020,Wake Forest,0.33,0.67
2020,Washington,0.3,0.74
2020,Washington State,0.36,0.8
2020,West Virginia,0.71,0.58
2020,Western Kentucky,0.53,0.89
2020,Western Michigan,0.41,0.5
2020,Wisconsin,0.62,0.81
2020,Wyoming,0.69,0.52
2021,Air Force,0.59,0.49
2021,Akron,0.85,0.73
2021,Alabama,0.33,0.77
2021,Appalachian State,0.67,0.88
2021,Arizona,0.75,0.77
2021,Arizona State,0.86,0.82
2021,Arkansas,0.7,0.85
2021,Arkansas State,0.48,0.75
2021,Army,0.79,0.76
2021,Auburn,0.73,0.72
2021,BYU,0.47,0.16
2021,Ball State,0.8,0.76
2021,Baylor,0.59,0.85
2021,Boise State,0.75,0.42
2021,Boston College,0.84,0.66
2021,Bowling Green,0.59,0.78
2021,Buffalo,0.52,0.56
2021,California,0.75,0.87
2021,Central Michigan,0.84,0.79
2021,Charlotte,0.66,0.46
2021,Cincinnati,0.82,0.73
2021,Clemson,0.46,0.92
2021,Coastal Carolina,0.7,0.91
2021,Colorado,0.86,0.81
2021,Colorado State,0.6,0.64
2021,Duke,0.51,0.62
2021,East Carolina,0.71,0.78
2021,Eastern Michigan,0.78,0.64
2021,Florida,0.41,0.7
2021,Florida Atlantic,0.76,0.51
2021,Florida International,0.48,0.64
2021,Florida State,0.84,0.62
2021,Fresno State,0.74,0.78
2021,Georgia,0.84,0.39
2021,Georgia Southern,0.46,0.56
2021,Georgia State,0.85,0.76
2021,Georgia Tech,0.84,0.82
2021,Hawai'i,0.55,0.77
2021,Houston,0.71,0.65
2021,Illinois,0.8,0.61
2021,Indiana,0.8,0.81
2021,Iowa,0.69,0.76
2021,Iowa State,0.94,0.81
2021,Kansas,0.61,0.66
2021,Kansas State,0.81,0.64
2021,Kent State,0.5,0.5
2021,Kentucky,0.6,0.6
2021,LSU,0.82,0.76
2021,Liberty,0.95,0.79
2021,Louisiana,0.93,0.98
2021,Louisiana Monroe,0.64,0.55
2021,Louisiana Tech,0.48,0.65
2021,Louisville,0.73,0.5
2021,Marshall,0.52,0.57
2021,Maryland,0.86,0.85
2021,Memphis,0.63,0.73
2021,Miami,0.95,0.86
2021,Miami (OH),0.75,0.45
2021,Michigan,0.77,0.7
2021,Michigan State,0.8,0.59
2021,Middle Tennessee,0.56,0.7
2021,Minnesota,0.75,0.84
2021,Mississippi State,0.72,0.85
2021,Missouri,0.82,0.62
2021,NC State,0.63,0.9
2021,Navy,0.56,0.74
2021,Nebraska,0.56,0.88
2021,Nevada,0.82,0.64
2021,New Mexico,0.56,0.42
2021,North Carolina,0.77,0.81
2021,North Texas,0.67,0.68
2021,Northern Illinois,0.53,0.87
2021,Northwestern,0.29,0.39
2021,Notre Dame,0.44,0.53
2021,Ohio,0.55,0.7
2021,Ohio State,0.55,0.44
2021,Oklahoma,0.78,0.75
2021,Oklahoma State,0.65,0.8
2021,Ole Miss,0.78,0.83
2021,Oregon,0.87,0.84
2021,Oregon State,0.94,0.79
2021,Penn State,0.74,0.82
2021,Pittsburgh,0.82,0.64
2021,Purdue,0.85,0.7
2021,Rice,0.59,0.79
2021,Rutgers,0.67,0.61
2021,SMU,0.5,0.59
2021,San Diego State,0.61,0.42
2021,San José State,0.59,0.74
2021,South Alabama,0.79,0.67
2021,South Carolina,0.54,0.4
2021,South Florida,0.51,0.68
2021,Southern Mississippi,0.57,0.77
2021,Stanford,0.45,0.65
2021,Syracuse,0.83,0.76
2021,TCU,0.87,0.7
2021,Temple,0.41,0.43
2021,Tennessee,0.53,0.54
2021,Texas,0.53,0.69
2021,Texas A&M,0.46,0.74
2021,Texas State,0.82,0.74
2021,Texas Tech,0.63,0.74
2021,Toledo,0.5,0.71
2021,Troy,0.7,0.94
2021,Tulane,0.74,0.53
2021,Tulsa,0.58,0.53
2021,UAB,0.52,0.57
2021,UCF,0.74,0.62
2021,UCLA,0.95,0.88
2021,UMass,0.88,0.71
2021,UNLV,0.46,0.79
2021,USC,0.69,0.69
2021,UT San Antonio,0.87,0.71
2021,UTEP,0.74,0.51
2021,Utah,0.81,0.91
2021,Utah State,0.67,0.61
2021,Vanderbilt,0.75,0.57
2021,Virginia,0.72,0.61
2021,Virginia Tech,0.69,0.67
2021,Wake Forest,0.88,0.74
2021,Washington,0.91,0.73
2021,Washington State,0.88,0.86
2021,West Virginia,0.82,0.81
2021,Western Kentucky,0.67,0.56
2021,Western Michigan,0.65,0.5
2021,Wisconsin,0.84,0.82
2021,Wyoming,0.79,0.79
2022,Air Force,0.7,0.59
2022,Akron,0.53,0.81
2022,Alabama,0.61,0.7
2022,Appalachian State,0.63,0.56
2022,Arizona,0.76,0.67
2022,Arizona State,0.77,0.71
2022,Arkansas,0.65,0.6
2022,Arkansas State,0.52,0.7
2022,Army,0.53,0.69
2022,Auburn,0.65,0.65
2022,BYU,0.8,0.97
2022,Ball State,0.46,0.37
2022,Baylor,0.65,0.51
2022,Boise State,0.65,0.81
2022,Boston College,0.53,0.67
2022,Bowling Green,0.95,0.88
2022,Buffalo,0.51,0.63
2022,California,0.37,0.72
2022,Central Michigan,0.73,0.58
2022,Charlotte,0.89,0.63
2022,Cincinnati,0.68,0.51
2022,Clemson,0.84,0.61
2022,Coastal Carolina,0.43,0.3
2022,Colorado,0.78,0.47
2022,Colorado State,0.55,0.72
2022,Connecticut,0.74,0.76
2022,Duke,0.44,0.52
2022,East Carolina,0.69,0.74
2022,Eastern Michigan,0.66,0.65
2022,Florida,0.72,0.58
2022,Florida Atlantic,0.82,0.51
2022,Florida International,0.63,0.65
2022,Florida State,0.74,0.9
2022,Fresno State,0.83,0.73
2022,Georgia,0.73,0.44
2022,Georgia Southern,0.92,0.78
2022,Georgia State,0.72,0.8
2022,Georgia Tech,0.58,0.54
2022,Hawai'i,0.33,0.33
2022,Houston,0.72,0.76
2022,Illinois,0.51,0.51
2022,Indiana,0.71,0.64
2022,Iowa,0.84,0.67
2022,Iowa State,0.37,0.43
2022,James Madison,0.61,0.55
2022,Kansas,0.75,0.89
2022,Kansas State,0.59,0.55
2022,Kent State,0.44,0.62
2022,Kentucky,0.59,0.72
2022,LSU,0.54,0.69
2022,Liberty,0.53,0.5
2022,Louisiana,0.43,0.53
2022,Louisiana Monroe,0.82,0.41
2022,Louisiana Tech,0.51,0.66
2022,Louisville,0.89,0.71
2022,Marshall,0.53,0.61
2022,Maryland,0.83,0.61
2022,Memphis,0.7,0.7
2022,Miami,0.63,0.8
2022,Miami (OH),0.76,0.47
2022,Michigan,0.87,0.43
2022,Michigan State,0.65,0.79
2022,Middle Tennessee,0.58,0.54
2022,Minnesota,0.8,0.59
2022,Mississippi State,0.72,0.84
2022,Missouri,0.52,0.78
2022,NC State,0.75,0.88
2022,Navy,0.53,0.51
2022,Nebraska,0.57,0.57
2022,Nevada,0.2,0.34
2022,New Mexico,0.44,0.71
2022,New Mexico State,0.31,0.76
2022,North Carolina,0.49,0.78
2022,North Texas,0.9,0.72
2022,Northern Illinois,0.84,0.81
2022,Northwestern,0.65,0.65
2022,Notre Dame,0.49,0.69
2022,Ohio,0.65,0.75
2022,Ohio State,0.7,0.82
2022,Oklahoma,0.47,0.82
2022,Oklahoma State,0.69,0.37
2022,Old Dominion,0.9,0.6
2022,Ole Miss,0.49,0.68
2022,Oregon,0.58,0.69
2022,Oregon State,0.68,0.78
2022,Penn State,0.71,0.57
2022,Pittsburgh,0.74,0.75
2022,Purdue,0.68,0.72
2022,Rice,0.59,0.68
2022,Rutgers,0.74,0.61
2022,SMU,0.83,0.75
2022,San Diego State,0.44,0.64
2022,San José State,0.58,0.55
2022,South Alabama,0.57,0.68
2022,South Carolina,0.82,0.65
2022,South Florida,0.88,0.84
2022,Southern Mississippi,0.86,0.83
2022,Stanford,0.94,0.82
2022,Syracuse,0.79,0.81
2022,TCU,0.82,0.82
2022,Temple,0.6,0.71
2022,Tennessee,0.8,0.68
2022,Texas,0.62,0.74
2022,Texas A&M,0.62,0.6
2022,Texas State,0.89,0.64
2022,Texas Tech,0.54,0.65
2022,Toledo,0.68,0.78
2022,Troy,0.72,0.87
2022,Tulane,0.89,0.62
2022,Tulsa,0.57,0.55
2022,UAB,0.5,0.67
2022,UCF,0.77,0.81
2022,UCLA,0.61,0.57
2022,UMass,0.89,0.84
2022,UNLV,0.76,0.84
2022,USC,0.59,0.59
2022,UT San Antonio,0.87,0.67
2022,UTEP,0.6,0.78
2022,Utah,0.71,0.61
2022,Utah State,0.63,0.47
2022,Vanderbilt,0.7,0.67
2022,Virginia,0.59,0.42
2022,Virginia Tech,0.51,0.79
2022,Wake Forest,0.79,0.64
2022,Washington,0.81,0.67
2022,Washington State,0.32,0.72
2022,West Virginia,0.48,0.64
2022,Western Kentucky,0.51,0.69
2022,Western Michigan,0.27,0.7
2022,Wisconsin,0.63,0.59
2022,Wyoming,0.51,0.59
2023,Air Force,0.47,0.7
2023,Akron,0.78,0.48
2023,Alabama,0.43,0.38
2023,Appalachian State,0.36,0.3
2023,Arizona,0.72,0.42
2023,Arizona State,0.61,0.45
2023,Arkansas,0.58,0.51
2023,Arkansas State,0.49,0.62
2023,Army,0.64,0.64
2023,Auburn,0.72,0.71
2023,BYU,0.62,0.65
2023,Ball State,0.58,0.56
2023,Baylor,0.6,0.51
2023,Boise State,0.78,0.55
2023,Boston College,0.78,0.79
2023,Bowling Green,0.63,0.54
2023,Buffalo,0.57,0.49
2023,California,0.58,0.78
2023,Central Michigan,0.51,0.8
2023,Charlotte,0.52,0.48
2023,Cincinnati,0.42,0.49
2023,Clemson,0.64,0.75
2023,Coastal Carolina,0.79,0.65
2023,Colorado,0.57,0.57
2023,Colorado State,0.62,0.66
2023,Connecticut,0.89,0.71
2023,Duke,0.82,0.6
2023,East Carolina,0.3,0.39
2023,Eastern Michigan,0.47,0.79
2023,Florida,0.55,0.53
2023,Florida Atlantic,0.68,0.99
2023,Florida International,0.71,0.78
2023,Florida State,0.8,0.94
2023,Fresno State,0.48,0.71
2023,Georgia,0.52,0.7
2023,Georgia Southern,0.37,0.56
2023,Georgia State,0.32,0.3
2023,Georgia Tech,0.69,0.66
2023,Hawai'i,0.45,0.49
2023,Houston,0.77,0.43
2023,Illinois,0.64,0.62
2023,Indiana,0.65,0.72
2023,Iowa,0.64,0.49
2023,Iowa State,0.76,0.51
2023,Jacksonville State,0.62,0.64
2023,James Madison,0.6,0.81
2023,Kansas,0.91,0.8
2023,Kansas State,0.73,0.52
2023,Kent State,0.19,0.31
2023,Kentucky,0.71,0.55
2023,LSU,0.81,0.6
2023,Liberty,0.63,0.47
2023,Louisiana,0.78,0.54
2023,Louisiana Monroe,0.39,0.66
2023,Louisiana Tech,0.62,0.81
2023,Louisville,0.61,0.5
2023,Marshall,0.65,0.58
2023,Maryland,0.64,0.63
2023,Memphis,0.67,0.59
2023,Miami,0.62,0.77
2023,Miami (OH),0.61,0.76
2023,Michigan,0.84,0.78
2023,Michigan State,0.8,0.56
2023,Middle Tennessee,0.52,0.86
2023,Minnesota,0.59,0.57
2023,Mississippi State,0.71,0.43
2023,Missouri,0.77,0.8
2023,NC State,0.62,0.49
2023,Navy,0.76,0.74
2023,Nebraska,0.72,0.66
2023,Nevada,0.53,0.54
2023,New Mexico,0.78,0.49
2023,New Mexico State,0.77,0.51
2023,North Carolina,0.69,0.68
2023,North Texas,0.76,0.71
2023,Northern Illinois,0.75,0.79
2023,Northwestern,0.46,0.66
2023,Notre Dame,0.65,0.72
2023,Ohio,0.78,0.26
2023,Ohio State,0.57,0.77
2023,Oklahoma,0.62,0.63
2023,Oklahoma State,0.65,0.5
2023,Old Dominion,0.69,0.46
2023,Ole Miss,0.8,0.62
2023,Oregon,0.65,0.65
2023,Oregon State,0.78,0.52
2023,Penn State,0.55,0.75
2023,Pittsburgh,0.52,0.49
2023,Purdue,0.71,0.59
2023,Rice,0.72,0.74
2023,Rutgers,0.73,0.72
2023,SMU,0.56,0.48
2023,Sam Houston,0.68,0.75
2023,San Diego State,0.71,0.4
2023,San José State,0.57,0.48
2023,South Alabama,0.71,0.82
2023,South Carolina,0.63,0.48
2023,South Florida,0.46,0.67
2023,Southern Mississippi,0.68,0.53
2023,Stanford,0.34,0.36
2023,Syracuse,0.73,0.72
2023,TCU,0.33,0.71
2023,Temple,0.79,0.76
2023,Tennessee,0.57,0.69
2023,Texas,0.85,0.63
2023,Texas A&M,0.82,0.77
2023,Texas State,0.37,0.4
2023,Texas Tech,0.75,0.52
2023,Toledo,0.82,0.72
2023,Troy,0.64,0.55
2023,Tulane,0.73,0.68
2023,Tulsa,0.41,0.38
2023,UAB,0.36,0.42
2023,UCF,0.62,0.69
2023,UCLA,0.54,0.75
2023,UMass,0.77,0.75
2023,UNLV,0.71,0.66
2023,USC,0.75,0.78
2023,UT San Antonio,0.56,0.48
2023,UTEP,0.67,0.63
2023,Utah,0.83,0.69
2023,Utah State,0.44,0.66
2023,Vanderbilt,0.73,0.56
2023,Virginia,0.4,0.64
2023,Virginia Tech,0.73,0.65
2023,Wake Forest,0.46,0.59
2023,Washington,0.74,0.73
2023,Washington State,0.73,0.5
2023,West Virginia,0.6,0.68
2023,Western Kentucky,0.68,0.41
2023,Western Michigan,0.67,0.31
2023,Wisconsin,0.75,0.68
2023,Wyoming,0.82,0.84
2024,Air Force,0.28,0.23
2024,Akron,0.43,0.63
2024,Alabama,0.56,0.33
2024,Appalachian State,0.68,0.67
2024,Arizona,0.7,0.62
2024,Arizona State,0.72,0.63
2024,Arkansas,0.5,0.41
2024,Arkansas State,0.82,0.56
2024,Army,0.58,0.37
2024,Auburn,0.74,0.55
2024,BYU,0.68,0.63
2024,Ball State,0.64,0.33
2024,Baylor,0.71,0.62
2024,Boise State,0.46,0.71
2024,Boston College,0.8,0.53
2024,Bowling Green,0.52,0.45
2024,Buffalo,0.31,0.28
2024,California,0.79,0.66
2024,Central Michigan,0.63,0.68
2024,Charlotte,0.65,0.57
2024,Cincinnati,0.68,0.57
2024,Clemson,0.79,0.49
2024,Coastal Carolina,0.44,0.46
2024,Colorado,0.69,0.76
2024,Colorado State,0.72,0.62
2024,Connecticut,0.54,0.57
2024,Duke,0.53,0.57
2024,East Carolina,0.77,0.52
2024,Eastern Michigan,0.45,0.47
2024,Florida,0.7,0.66
2024,Florida Atlantic,0.34,0.51
2024,Florida International,0.76,0.51
2024,Florida State,0.56,0.6
2024,Fresno State,0.8,0.48
2024,Georgia,0.76,0.55
2024,Georgia Southern,0.35,0.66
2024,Georgia State,0.28,0.36
2024,Georgia Tech,0.83,0.49
2024,Hawai'i,0.6,0.49
2024,Houston,0.59,0.63
2024,Illinois,0.58,0.65
2024,Indiana,0.59,0.53
2024,Iowa,0.8,0.58
2024,Iowa State,0.9,0.8
2024,Jacksonville State,0.61,0.77
2024,James Madison,0.4,0.38
2024,Kansas,0.62,0.56
2024,Kansas State,0.37,0.8
2024,Kennesaw State,0.8,0.71
2024,Kent State,0.58,0.41
2024,Kentucky,0.45,0.52
2024,LSU,0.55,0.71
2024,Liberty,0.63,0.57
2024,Louisiana,0.73,0.73
2024,Louisiana Monroe,0.39,0.41
2024,Louisiana Tech,0.46,0.35
2024,Louisville,0.53,0.79
2024,Marshall,0.67,0.57
2024,Maryland,0.4,0.51
2024,Memphis,0.74,0.65
2024,Miami,0.79,0.53
2024,Miami (OH),0.79,0.7
2024,Michigan,0.24,0.47
2024,Michigan State,0.48,0.74
2024,Middle Tennessee,0.57,0.32
2024,Minnesota,0.68,0.74
2024,Mississippi State,0.54,0.27
2024,Missouri,0.79,0.58
2024,NC State,0.65,0.53
2024,Navy,0.63,0.73
2024,Nebraska,0.76,0.78
2024,Nevada,0.62,0.55
2024,New Mexico,0.26,0.54
2024,New Mexico State,0.61,0.35
2024,North Carolina,0.37,0.36
2024,North Texas,0.42,0.66
2024,Northern Illinois,0.55,0.72
2024,Northwestern,0.64,0.88
2024,Notre Dame,0.61,0.6
2024,Ohio,0.22,0.33
2024,Ohio State,0.61,0.61
2024,Oklahoma,0.44,0.79
2024,Oklahoma State,0.79,0.74
2024,Old Dominion,0.85,0.56
2024,Ole Miss,0.71,0.52
2024,Oregon,0.68,0.7
2024,Oregon State,0.54,0.26
2024,Penn State,0.74,0.66
2024,Pittsburgh,0.65,0.62
2024,Purdue,0.56,0.46
2024,Rice,0.62,0.84
2024,Rutgers,0.69,0.79
2024,SMU,0.64,0.6
2024,Sam Houston,0.63,0.64
2024,San Diego State,0.49,0.43
2024,San José State,0.32,0.52
2024,South Alabama,0.39,0.44
2024,South Carolina,0.52,0.74
2024,Southern Mississippi,0.49,0.63
2024,Stanford,0.69,0.65
2024,Syracuse,0.81,0.67
2024,TCU,0.63,0.78
2024,Temple,0.46,0.62
2024,Tennessee,0.46,0.58
2024,Texas,0.74,0.66
2024,Texas A&M,0.77,0.67
2024,Texas State,0.54,0.65
2024,Texas Tech,0.54,0.5
2024,Toledo,0.32,0.51
2024,Troy,0.42,0.29
2024,Tulane,0.47,0.53
2024,Tulsa,0.5,0.38
2024,UAB,0.81,0.52
2024,UCF,0.38,0.6
2024,UCLA,0.51,0.51
2024,UMass,0.66,0.81
2024,UNLV,0.63,0.63
2024,USC,0.51,0.49
2024,USF,0.87,0.58
2024,UT San Antonio,0.51,0.39
2024,UTEP,0.42,0.48
2024,Utah,0.75,0.7
2024,Utah State,0.63,0.71
2024,Vanderbilt,0.54,0.65
2024,Virginia,0.85,0.68
2024,Virginia Tech,0.95,0.77
2024,Wake Forest,0.61,0.74
2024,Washington,0.19,0.52
2024,Washington State,0.57,0.53
2024,West Virginia,0.89,0.52
2024,Western Kentucky,0.59,0.64
2024,Wisconsin,0.7,0.71
2024,Wyoming,0.57,0.67
2025,Air Force,0.57,0.43
2025,Akron,0.52,0.3
2025,Alabama,0.59,0.69
2025,Appalachian State,0.28,0.43
2025,Arizona,0.71,0.62
2025,Arizona State,0.78,0.79
2025,Arkansas,0.65,0.54
2025,Arkansas State,0.58,0.34
2025,Army,0.36,0.51
2025,Auburn,0.67,0.63
2025,BYU,0.65,0.52
2025,Ball State,0.22,0.37
2025,Baylor,0.77,0.63
2025,Boise State,0.75,0.59
2025,Boston College,0.63,0.61
2025,Bowling Green,0.45,0.19
2025,Buffalo,0.44,0.74
2025,California,0.48,0.53
2025,Central Michigan,0.45,0.62
2025,Charlotte,0.35,0.4
2025,Cincinnati,0.62,0.68
2025,Clemson,0.85,0.76
2025,Coastal Carolina,0.67,0.42
2025,Colorado,0.5,0.55
2025,Colorado State,0.59,0.41
2025,Connecticut,0.68,0.42
2025,Delaware,0.54,0.77
2025,Duke,0.6,0.58
2025,East Carolina,0.51,0.35
2025,Eastern Michigan,0.37,0.36
2025,Florida,0.66,0.62
2025,Florida Atlantic,0.5,0.32
2025,Florida International,0.46,0.35
2025,Florida State,0.57,0.6
2025,Fresno State,0.4,0.42
2025,Georgia,0.42,0.51
2025,Georgia Southern,0.68,0.52
2025,Georgia State,0.53,0.32
2025,Georgia Tech,0.68,0.62
2025,Hawai'i,0.42,0.65
2025,Houston,0.69,0.61
2025,Illinois,0.78,0.72
2025,Indiana,0.62,0.61
2025,Iowa,0.64,0.47
2025,Iowa State,0.65,0.57
2025,Jacksonville State,0.24,0.32
2025,James Madison,0.65,0.51
2025,Kansas,0.62,0.49
2025,Kansas State,0.71,0.63
2025,Kennesaw State,0.67,0.82
2025,Kent State,0.34,0.39
2025,Kentucky,0.63,0.55
2025,LSU,0.65,0.64
2025,Liberty,0.59,0.59
2025,Louisiana,0.32,0.44
2025,Louisiana Tech,0.49,0.43
2025,Louisville,0.58,0.57
2025,Marshall,0.31,0.24
2025,Maryland,0.39,0.46
2025,Memphis,0.39,0.41
2025,Miami,0.52,0.62
2025,Miami (OH),0.15,0.51
2025,Michigan,0.65,0.64
2025,Michigan State,0.71,0.62
2025,Middle Tennessee,0.59,0.6
2025,Minnesota,0.43,0.61
2025,Mississippi State,0.61,0.68
2025,Missouri,0.44,0.72
2025,Missouri State,0.71,0.5
2025,NC State,0.66,0.57
2025,Navy,0.74,0.52
2025,Nebraska,0.69,0.52
2025,Nevada,0.36,0.34
2025,New Mexico,0.32,0.41
2025,New Mexico State,0.56,0.39
2025,North Carolina,0.56,0.46
2025,North Texas,0.44,0.55
2025,Northern Illinois,0.37,0.33
2025,Northwestern,0.56,0.63
2025,Notre Dame,0.47,0.65
2025,Ohio,0.59,0.35
2025,Ohio State,0.47,0.48
2025,Oklahoma,0.77,0.63
2025,Oklahoma State,0.4,0.55
2025,Old Dominion,0.44,0.54
2025,Ole Miss,0.45,0.49
2025,Oregon,0.4,0.45
2025,Oregon State,0.58,0.67
2025,Penn State,0.76,0.53
2025,Pittsburgh,0.66,0.61
2025,Purdue,0.39,0.46
2025,Rice,0.36,0.46
2025,Rutgers,0.81,0.61
2025,SMU,0.66,0.54
2025,Sam Houston,0.56,0.23
2025,San Diego State,0.36,0.7
2025,San José State,0.52,0.55
2025,South Alabama,0.44,0.4
2025,South Carolina,0.66,0.49
2025,South Florida,0.69,0.66
2025,Southern Mississippi,0.55,0.31
2025,Stanford,0.56,0.73
2025,Syracuse,0.32,0.6
2025,TCU,0.67,0.62
2025,Temple,0.65,0.45
2025,Tennessee,0.39,0.63
2025,Texas,0.4,0.62
2025,Texas A&M,0.7,0.74
2025,Texas State,0.38,0.35
2025,Texas Tech,0.7,0.76
2025,Toledo,0.75,0.52
2025,Troy,0.49,0.56
2025,Tulane,0.49,0.56
2025,Tulsa,0.46,0.58
2025,UAB,0.43,0.43
2025,UCF,0.47,0.48
2025,UCLA,0.54,0.37
2025,UL Monroe,0.64,0.64
2025,UMass,0.39,0.32
2025,UNLV,0.34,0.29
2025,USC,0.5,0.49
2025,UTEP,0.65,0.4
2025,UTSA,0.82,0.46
2025,Utah,0.75,0.56
2025,Utah State,0.19,0.43
2025,Vanderbilt,0.78,0.77
2025,Virginia,0.6,0.66
2025,Virginia Tech,0.47,0.58
2025,Wake Forest,0.51,0.6
2025,Washington,0.48,0.55
2025,Washington State,0.34,0.29
2025,West Virginia,0.48,0.56
2025,Western Kentucky,0.38,0.35
2025,Western Michigan,0.26,0.41
2025,Wisconsin,0.68,0.67
2025,Wyoming,0.8,0.32
2026,Air Force,0.53,0.49
2026,Akron,0.62,0.65
2026,Alabama,0.18,0.48
2026,Appalachian State,0.66,0.55
2026,Arizona,0.45,0.6
2026,Arizona State,0.52,0.34
2026,Arkansas,0.57,0.39
2026,Arkansas State,0.4,0.38
2026,Army,0.44,0.39
2026,Auburn,0.52,0.46
2026,BYU,0.64,0.5
2026,Ball State,0.61,0.62
2026,Baylor,0.48,0.45
2026,Boise State,0.37,0.61
2026,Boston College,0.33,0.5
2026,Bowling Green,0.61,0.6
2026,Buffalo,0.6,0.56
2026,California,0.48,0.51
2026,Central Michigan,0.69,0.69
2026,Charlotte,0.55,0.77
2026,Cincinnati,0.68,0.28
2026,Clemson,0.49,0.44
2026,Coastal Carolina,0.75,0.55
2026,Colorado,0.35,0.61
2026,Colorado State,0.23,0.2
2026,Connecticut,0.25,0.37
2026,Delaware,0.64,0.44
2026,Duke,0.23,0.58
2026,East Carolina,0.67,0.63
2026,Eastern Michigan,0.55,0.55
2026,Florida,0.68,0.74
2026,Florida Atlantic,0.57,0.56
2026,Florida International,0.25,0.37
2026,Florida State,0.52,0.45
2026,Fresno State,0.38,0.54
2026,Georgia,0.28,0.52
2026,Georgia Southern,0.65,0.66
2026,Georgia State,0.58,0.65
2026,Georgia Tech,0.4,0.4
2026,Hawai'i,0.71,0.67
2026,Houston,0.57,0.57
2026,Illinois,0.39,0.44
2026,Indiana,0.57,0.39
2026,Iowa,0.71,0.65
2026,Iowa State,0.76,0.61
2026,Jacksonville State,0.63,0.35
2026,James Madison,0.62,0.53
2026,Kansas,0.46,0.55
2026,Kansas State,0.6,0.42
2026,Kennesaw State,0.48,0.27
2026,Kent State,0.32,0.38
2026,Kentucky,0.24,0.23
2026,LSU,0.52,0.54
2026,Liberty,0.42,0.55
2026,Louisiana,0.47,0.32
2026,Louisiana Tech,0.61,0.36
2026,Louisville,0.49,0.43
2026,Marshall,0.27,0.43
2026,Maryland,0.7,0.43
2026,Memphis,0.69,0.61
2026,Miami,0.44,0.37
2026,Miami (OH),0.34,0.37
2026,Michigan,0.54,0.58
2026,Michigan State,0.27,0.32
2026,Middle Tennessee,0.56,0.67
2026,Minnesota,0.38,0.49
2026,Mississippi State,0.32,0.38
2026,Missouri,0.47,0.36
2026,Missouri State,0.58,0.62
2026,NC State,0.33,0.61
2026,Navy,0.28,0.35
2026,Nebraska,0.45,0.61
2026,Nevada,0.42,0.25
2026,New Mexico,0.64,0.48
2026,New Mexico State,0.48,0.36
2026,North Carolina,0.73,0.63
2026,North Dakota State,0.54,0.37
2026,North Texas,0.65,0.51
2026,Northern Illinois,0.47,0.24
2026,Northwestern,0.48,0.51
2026,Notre Dame,0.67,0.77
2026,Ohio,0.76,0.43
2026,Ohio State,0.62,0.43
2026,Oklahoma,0.6,0.54
2026,Oklahoma State,0.59,0.4
2026,Old Dominion,0.59,0.69
2026,Ole Miss,0.52,0.55
2026,Oregon,0.67,0.64
2026,Oregon State,0.37,0.26
2026,Penn State,0.47,0.42
2026,Pittsburgh,0.52,0.47
2026,Purdue,0.67,0.33
2026,Rice,0.62,0.62
2026,Rutgers,0.21,0.42
2026,SMU,0.55,0.55
2026,Sacramento State,0.42,0.75
2026,Sam Houston,0.43,0.36
2026,San Diego State,0.5,0.53
2026,San Jose State,0.7,0.45
2026,South Alabama,0.63,0.72
2026,South Carolina,0.45,0.52
2026,South Florida,0.71,0.58
2026,Southern Mississippi,0.57,0.58
2026,Stanford,0.57,0.46
2026,Syracuse,0.46,0.61
2026,TCU,0.51,0.37
2026,Temple,0.62,0.29
2026,Tennessee,0.62,0.46
2026,Texas,0.43,0.5
2026,Texas A&M,0.6,0.55
2026,Texas State,0.44,0.52
2026,Texas Tech,0.59,0.64
2026,Toledo,0.55,0.62
2026,Troy,0.64,0.6
2026,Tulane,0.68,0.58
2026,Tulsa,0.57,0.53
2026,UAB,0.61,0.6
2026,UCF,0.44,0.62
2026,UCLA,0.25,0.44
2026,UL Monroe,0.48,0.4
2026,UMass,0.49,0.43
2026,UNLV,0.72,0.55
2026,USC,0.61,0.57
2026,UTEP,0.71,0.5
2026,UTSA,0.49,0.46
2026,Umass,0.26,0.33
2026,Utah,0.4,0.55
2026,Utah State,0.3,0.39
2026,Vanderbilt,0.73,0.61
2026,Virginia,0.44,0.58
2026,Virginia Tech,0.44,0.57
2026,Wake Forest,0.4,0.52
2026,Washington,0.56,0.58
2026,Washington State,0.67,0.64
2026,West Virginia,0.44,0.46
2026,Western Kentucky,0.49,0.67
2026,Western Michigan,0.23,0.62
2026,Wisconsin,0.63,0.4
2026,Wyoming,0.66,0.58
