season,school_mascot,oc_cont,dc_cont
2014,Air Force Falcons,1,1
2014,Akron Zips,1,1
2014,Alabama Crimson Tide,0,1
2014,Appalachian State Mountaineers,0,0
2014,Arizona State Sun Devils,1,0
2014,Arizona Wildcats,1,1
2014,Arkansas Razorbacks,1,0
2014,Arkansas State Red Wolves,0,0
2014,Army Black Knights,0,0
2014,Auburn Tigers,1,1
2014,BYU Cougars,1,0
2014,Ball State Cardinals,0,0
2014,Baylor Bears,1,1
2014,Boise State Broncos,0,0
2014,Boston College Eagles,1,1
2014,Bowling Green Falcons,0,0
2014,Buffalo Bulls,1,1
2014,California Golden Bears,1,0
2014,Central Michigan Chippewas,0,1
2014,Cincinnati Bearcats,1,0
2014,Clemson Tigers,1,1
2014,Colorado Buffaloes,1,1
2014,Colorado State Rams,1,1
2014,Duke Blue Devils,0,1
2014,East Carolina Pirates,1,1
2014,Eastern Michigan Eagles,0,0
2014,Florida Atlantic Owls,1,0
2014,Florida Gators,0,1
2014,Florida International Golden Panthers,0,1
2014,Florida State Seminoles,0,0
2014,Fresno State Bulldogs,1,1
2014,Georgia Bulldogs,1,0
2014,Georgia Southern Eagles,0,0
2014,Georgia State Panthers,1,1
2014,Georgia Tech Yellow Jackets,1,1
2014,Hawai'i Rainbow Warriors,1,0
2014,Houston Cougars,1,1
2014,Idaho Vandals,1,1
2014,Illinois Fighting Illini,1,1
2014,Indiana Hoosiers,0,0
2014,Iowa Hawkeyes,1,1
2014,Iowa State Cyclones,0,1
2014,Kansas Jayhawks,0,0
2014,Kansas State Wildcats,1,1
2014,Kent State Golden Flashes,1,1
2014,Kentucky Wildcats,1,1
2014,LSU Tigers,1,1
2014,Louisiana Monroe Warhawks,1,1
2014,Louisiana Ragin' Cajuns,1,1
2014,Louisiana Tech Bulldogs,1,0
2014,Louisville Cardinals,0,0
2014,Marshall Thundering Herd,1,1
2014,Maryland Terrapins,1,1
2014,Memphis Tigers,1,1
2014,Miami (OH) RedHawks,0,0
2014,Miami Hurricanes,1,1
2014,Michigan State Spartans,1,1
2014,Michigan Wolverines,0,1
2014,Middle Tennessee Blue Raiders,1,1
2014,Minnesota Golden Gophers,1,1
2014,Mississippi State Bulldogs,0,1
2014,Missouri Tigers,1,1
2014,NC State Wolfpack,1,1
2014,Navy Midshipmen,1,1
2014,Nebraska Cornhuskers,1,1
2014,Nevada Wolf Pack,1,0
2014,New Mexico Lobos,1,0
2014,New Mexico State Aggies,1,0
2014,North Carolina Tar Heels,0,1
2014,North Texas Mean Green,1,1
2014,Northern Illinois Huskies,1,1
2014,Northwestern Wildcats,1,1
2014,Notre Dame Fighting Irish,0,0
2014,Ohio Bobcats,1,1
2014,Ohio State Buckeyes,1,0
2014,Oklahoma Sooners,1,1
2014,Oklahoma State Cowboys,1,0
2014,Old Dominion Monarchs,0,0
2014,Ole Miss Rebels,1,1
2014,Oregon Ducks,1,0
2014,Oregon State Beavers,0,1
2014,Penn State Nittany Lions,0,0
2014,Pittsburgh Panthers,1,1
2014,Purdue Boilermakers,1,1
2014,Rice Owls,0,1
2014,Rutgers Scarlet Knights,0,0
2014,SMU Mustangs,1,1
2014,San Diego State Aztecs,1,1
2014,San José State Spartans,1,0
2014,South Alabama Jaguars,1,0
2014,South Carolina Gamecocks,1,1
2014,South Florida Bulls,0,1
2014,Southern Mississippi Golden Eagles,0,1
2014,Stanford Cardinal,1,0
2014,Syracuse Orange,1,1
2014,TCU Horned Frogs,0,1
2014,Temple Owls,1,1
2014,Tennessee Volunteers,1,1
2014,Texas A&M Aggies,1,1
2014,Texas Longhorns,0,0
2014,Texas State Bobcats,1,1
2014,Texas Tech Red Raiders,1,1
2014,Toledo Rockets,1,0
2014,Troy Trojans,1,1
2014,Tulane Green Wave,1,1
2014,Tulsa Golden Hurricane,0,1
2014,UAB Blazers,0,0
2014,UCF Knights,1,0
2014,UCLA Bruins,1,0
2014,UConn Huskies,0,0
2014,UMass Minutemen,0,0
2014,UNLV Rebels,1,1
2014,USC Trojans,0,0
2014,UTEP Miners,1,1
2014,UTSA Roadrunners,1,1
2014,Utah State Aggies,1,1
2014,Utah Utes,0,1
2014,Vanderbilt Commodores,0,0
2014,Virginia Cavaliers,1,1
2014,Virginia Tech Hokies,1,1
2014,Wake Forest Demon Deacons,0,0
2014,Washington Huskies,0,0
2014,Washington State Cougars,1,1
2014,West Virginia Mountaineers,1,0
2014,Western Kentucky Hilltoppers,0,1
2014,Western Michigan Broncos,1,1
2014,Wisconsin Badgers,1,1
2014,Wyoming Cowboys,0,0
2015,Air Force Falcons,1,1
2015,Akron Zips,1,1
2015,Alabama Crimson Tide,1,1
2015,Appalachian State Mountaineers,1,1
2015,Arizona State Sun Devils,1,1
2015,Arizona Wildcats,1,1
2015,Arkansas Razorbacks,0,1
2015,Arkansas State Red Wolves,1,1
2015,Army Black Knights,1,1
2015,Auburn Tigers,1,0
2015,BYU Cougars,1,0
2015,Ball State Cardinals,1,1
2015,Baylor Bears,0,1
2015,Boise State Broncos,0,1
2015,Boston College Eagles,0,1
2015,Bowling Green Falcons,0,0
2015,Buffalo Bulls,0,0
2015,California Golden Bears,1,1
2015,Central Michigan Chippewas,1,0
2015,Cincinnati Bearcats,1,1
2015,Clemson Tigers,0,1
2015,Colorado Buffaloes,1,0
2015,Colorado State Rams,0,0
2015,Duke Blue Devils,1,1
2015,East Carolina Pirates,0,1
2015,Eastern Michigan Eagles,1,1
2015,Florida Atlantic Owls,1,1
2015,Florida Gators,0,0
2015,Florida International Golden Panthers,1,0
2015,Florida State Seminoles,1,1
2015,Fresno State Bulldogs,1,1
2015,Georgia Bulldogs,0,1
2015,Georgia Southern Eagles,1,1
2015,Georgia State Panthers,1,1
2015,Georgia Tech Yellow Jackets,1,1
2015,Hawai'i Rainbow Warriors,0,0
2015,Houston Cougars,0,0
2015,Idaho Vandals,1,0
2015,Illinois Fighting Illini,1,1
2015,Indiana Hoosiers,1,1
2015,Iowa Hawkeyes,1,1
2015,Iowa State Cyclones,1,1
2015,Kansas Jayhawks,0,1
2015,Kansas State Wildcats,1,1
2015,Kent State Golden Flashes,0,1
2015,Kentucky Wildcats,0,1
2015,LSU Tigers,1,0
2015,Louisiana Monroe Warhawks,1,0
2015,Louisiana Ragin' Cajuns,1,1
2015,Louisiana Tech Bulldogs,1,0
2015,Louisville Cardinals,1,1
2015,Marshall Thundering Herd,1,1
2015,Maryland Terrapins,1,0
2015,Memphis Tigers,1,0
2015,Miami (OH) RedHawks,1,1
2015,Miami Hurricanes,1,1
2015,Michigan State Spartans,1,0
2015,Michigan Wolverines,0,0
2015,Middle Tennessee Blue Raiders,1,1
2015,Minnesota Golden Gophers,1,1
2015,Mississippi State Bulldogs,1,0
2015,Missouri Tigers,1,0
2015,NC State Wolfpack,1,1
2015,Navy Midshipmen,1,1
2015,Nebraska Cornhuskers,0,0
2015,Nevada Wolf Pack,1,0
2015,New Mexico Lobos,1,1
2015,New Mexico State Aggies,0,0
2015,North Carolina Tar Heels,1,0
2015,North Texas Mean Green,1,0
2015,Northern Illinois Huskies,1,1
2015,Northwestern Wildcats,1,1
2015,Notre Dame Fighting Irish,0,1
2015,Ohio Bobcats,1,1
2015,Ohio State Buckeyes,1,1
2015,Oklahoma Sooners,0,1
2015,Oklahoma State Cowboys,1,1
2015,Old Dominion Monarchs,1,1
2015,Ole Miss Rebels,1,1
2015,Oregon Ducks,1,1
2015,Oregon State Beavers,0,0
2015,Penn State Nittany Lions,1,1
2015,Pittsburgh Panthers,0,0
2015,Purdue Boilermakers,1,1
2015,Rice Owls,1,0
2015,Rutgers Scarlet Knights,0,1
2015,SMU Mustangs,0,0
2015,San Diego State Aztecs,0,1
2015,San José State Spartans,0,1
2015,South Alabama Jaguars,0,1
2015,South Carolina Gamecocks,1,1
2015,South Florida Bulls,0,0
2015,Southern Mississippi Golden Eagles,1,1
2015,Stanford Cardinal,1,1
2015,Syracuse Orange,0,1
2015,TCU Horned Frogs,1,0
2015,Temple Owls,1,1
2015,Tennessee Volunteers,0,1
2015,Texas A&M Aggies,1,0
2015,Texas Longhorns,1,1
2015,Texas State Bobcats,1,0
2015,Texas Tech Red Raiders,1,1
2015,Toledo Rockets,1,1
2015,Troy Trojans,1,0
2015,Tulane Green Wave,1,1
2015,Tulsa Golden Hurricane,0,0
2015,UAB Blazers,0,1
2015,UCF Knights,0,0
2015,UCLA Bruins,1,0
2015,UConn Huskies,0,1
2015,UMass Minutemen,0,1
2015,UNLV Rebels,0,0
2015,USC Trojans,1,1
2015,UTEP Miners,1,1
2015,UTSA Roadrunners,1,1
2015,Utah State Aggies,1,0
2015,Utah Utes,0,0
2015,Vanderbilt Commodores,0,0
2015,Virginia Cavaliers,1,1
2015,Virginia Tech Hokies,1,1
2015,Wake Forest Demon Deacons,1,1
2015,Washington Huskies,1,1
2015,Washington State Cougars,0,0
2015,West Virginia Mountaineers,0,1
2015,Western Kentucky Hilltoppers,1,1
2015,Western Michigan Broncos,1,1
2015,Wisconsin Badgers,0,1
2015,Wyoming Cowboys,1,1
2016,Air Force Falcons,0,1
2016,Akron Zips,1,1
2016,Alabama Crimson Tide,1,0
2016,Appalachian State Mountaineers,1,1
2016,Arizona State Sun Devils,0,1
2016,Arizona Wildcats,1,0
2016,Arkansas Razorbacks,1,1
2016,Arkansas State Red Wolves,0,1
2016,Army Black Knights,1,1
2016,Auburn Tigers,1,0
2016,BYU Cougars,0,0
2016,Ball State Cardinals,1,0
2016,Baylor Bears,1,1
2016,Boise State Broncos,0,0
2016,Boston College Eagles,0,0
2016,Bowling Green Falcons,0,0
2016,Buffalo Bulls,1,1
2016,California Golden Bears,0,1
2016,Central Michigan Chippewas,1,1
2016,Charlotte 49ers,0,0
2016,Cincinnati Bearcats,0,1
2016,Clemson Tigers,1,1
2016,Colorado Buffaloes,1,1
2016,Colorado State Rams,1,0
2016,Duke Blue Devils,0,1
2016,East Carolina Pirates,0,0
2016,Eastern Michigan Eagles,1,0
2016,Florida Atlantic Owls,0,1
2016,Florida Gators,1,1
2016,Florida International Golden Panthers,1,1
2016,Florida State Seminoles,1,1
2016,Fresno State Bulldogs,0,0
2016,Georgia Bulldogs,0,0
2016,Georgia Southern Eagles,0,0
2016,Georgia State Panthers,1,1
2016,Georgia Tech Yellow Jackets,1,1
2016,Hawai'i Rainbow Warriors,0,0
2016,Houston Cougars,1,1
2016,Idaho Vandals,1,1
2016,Illinois Fighting Illini,0,0
2016,Indiana Hoosiers,1,0
2016,Iowa Hawkeyes,1,1
2016,Iowa State Cyclones,0,0
2016,Kansas Jayhawks,1,1
2016,Kansas State Wildcats,1,1
2016,Kent State Golden Flashes,1,0
2016,Kentucky Wildcats,0,1
2016,LSU Tigers,1,0
2016,Louisiana Monroe Warhawks,0,0
2016,Louisiana Ragin' Cajuns,0,1
2016,Louisiana Tech Bulldogs,0,1
2016,Louisville Cardinals,0,1
2016,Marshall Thundering Herd,1,1
2016,Maryland Terrapins,0,0
2016,Memphis Tigers,0,0
2016,Miami (OH) RedHawks,1,1
2016,Miami Hurricanes,0,0
2016,Michigan State Spartans,1,1
2016,Michigan Wolverines,1,0
2016,Middle Tennessee Blue Raiders,0,1
2016,Minnesota Golden Gophers,0,0
2016,Mississippi State Bulldogs,1,0
2016,Missouri Tigers,0,0
2016,NC State Wolfpack,0,1
2016,Navy Midshipmen,1,0
2016,Nebraska Cornhuskers,1,1
2016,Nevada Wolf Pack,0,1
2016,New Mexico Lobos,1,1
2016,New Mexico State Aggies,1,0
2016,North Carolina Tar Heels,0,1
2016,North Texas Mean Green,0,0
2016,Northern Illinois Huskies,0,0
2016,Northwestern Wildcats,1,1
2016,Notre Dame Fighting Irish,1,1
2016,Ohio Bobcats,1,1
2016,Ohio State Buckeyes,1,1
2016,Oklahoma Sooners,1,1
2016,Oklahoma State Cowboys,1,1
2016,Old Dominion Monarchs,1,1
2016,Ole Miss Rebels,1,1
2016,Oregon Ducks,0,0
2016,Oregon State Beavers,0,0
2016,Penn State Nittany Lions,0,1
2016,Pittsburgh Panthers,0,1
2016,Purdue Boilermakers,0,0
2016,Rice Owls,1,1
2016,Rutgers Scarlet Knights,0,0
2016,SMU Mustangs,1,1
2016,San Diego State Aztecs,1,1
2016,San José State Spartans,1,0
2016,South Alabama Jaguars,1,0
2016,South Carolina Gamecocks,0,0
2016,South Florida Bulls,1,0
2016,Southern Mississippi Golden Eagles,0,0
2016,Stanford Cardinal,1,1
2016,Syracuse Orange,0,0
2016,TCU Horned Frogs,1,0
2016,Temple Owls,0,1
2016,Tennessee Volunteers,1,0
2016,Texas A&M Aggies,0,1
2016,Texas Longhorns,0,1
2016,Texas State Bobcats,0,0
2016,Texas Tech Red Raiders,1,1
2016,Toledo Rockets,0,0
2016,Troy Trojans,1,1
2016,Tulane Green Wave,0,0
2016,Tulsa Golden Hurricane,0,1
2016,UCF Knights,0,0
2016,UCLA Bruins,0,1
2016,UConn Huskies,1,1
2016,UMass Minutemen,1,1
2016,UNLV Rebels,1,1
2016,USC Trojans,0,0
2016,UTEP Miners,0,0
2016,UTSA Roadrunners,0,0
2016,Utah State Aggies,1,0
2016,Utah Utes,1,0
2016,Vanderbilt Commodores,1,1
2016,Virginia Cavaliers,0,0
2016,Virginia Tech Hokies,0,1
2016,Wake Forest Demon Deacons,1,1
2016,Washington Huskies,1,1
2016,Washington State Cougars,1,1
2016,West Virginia Mountaineers,0,1
2016,Western Kentucky Hilltoppers,0,1
2016,Western Michigan Broncos,1,1
2016,Wisconsin Badgers,1,0
2016,Wyoming Cowboys,1,1
2017,Air Force Falcons,1,1
2017,Akron Zips,1,1
2017,Alabama Crimson Tide,0,1
2017,Appalachian State Mountaineers,1,1
2017,Arizona State Sun Devils,0,0
2017,Arizona Wildcats,1,1
2017,Arkansas Razorbacks,1,0
2017,Arkansas State Red Wolves,1,1
2017,Army Black Knights,1,1
2017,Auburn Tigers,0,1
2017,BYU Cougars,1,1
2017,Ball State Cardinals,1,0
2017,Baylor Bears,0,0
2017,Boise State Broncos,1,1
2017,Boston College Eagles,1,1
2017,Bowling Green Falcons,1,1
2017,Buffalo Bulls,1,1
2017,California Golden Bears,0,0
2017,Central Michigan Chippewas,0,1
2017,Charlotte 49ers,1,1
2017,Cincinnati Bearcats,0,0
2017,Clemson Tigers,1,1
2017,Coastal Carolina Chanticleers,0,0
2017,Colorado Buffaloes,1,0
2017,Colorado State Rams,1,1
2017,Duke Blue Devils,1,1
2017,East Carolina Pirates,1,1
2017,Eastern Michigan Eagles,0,1
2017,Florida Atlantic Owls,0,0
2017,Florida Gators,1,1
2017,Florida International Golden Panthers,0,0
2017,Florida State Seminoles,1,1
2017,Fresno State Bulldogs,0,0
2017,Georgia Bulldogs,1,1
2017,Georgia Southern Eagles,0,1
2017,Georgia State Panthers,0,0
2017,Georgia Tech Yellow Jackets,1,1
2017,Hawai'i Rainbow Warriors,0,0
2017,Houston Cougars,0,0
2017,Idaho Vandals,1,1
2017,Illinois Fighting Illini,1,1
2017,Indiana Hoosiers,0,1
2017,Iowa Hawkeyes,0,1
2017,Iowa State Cyclones,1,1
2017,Kansas Jayhawks,0,1
2017,Kansas State Wildcats,1,1
2017,Kent State Golden Flashes,1,1
2017,Kentucky Wildcats,1,0
2017,LSU Tigers,0,1
2017,Louisiana Monroe Warhawks,1,1
2017,Louisiana Ragin' Cajuns,0,1
2017,Louisiana Tech Bulldogs,1,1
2017,Louisville Cardinals,1,0
2017,Marshall Thundering Herd,1,1
2017,Maryland Terrapins,1,0
2017,Memphis Tigers,0,1
2017,Miami (OH) RedHawks,1,1
2017,Miami Hurricanes,1,1
2017,Michigan State Spartans,1,1
2017,Michigan Wolverines,1,1
2017,Middle Tennessee Blue Raiders,1,0
2017,Minnesota Golden Gophers,0,0
2017,Mississippi State Bulldogs,1,0
2017,Missouri Tigers,1,1
2017,NC State Wolfpack,1,1
2017,Navy Midshipmen,1,1
2017,Nebraska Cornhuskers,1,0
2017,Nevada Wolf Pack,0,0
2017,New Mexico Lobos,1,1
2017,New Mexico State Aggies,0,1
2017,North Carolina Tar Heels,1,0
2017,North Texas Mean Green,1,0
2017,Northern Illinois Huskies,1,1
2017,Northwestern Wildcats,1,1
2017,Notre Dame Fighting Irish,0,0
2017,Ohio Bobcats,1,1
2017,Ohio State Buckeyes,0,1
2017,Oklahoma Sooners,0,1
2017,Oklahoma State Cowboys,1,1
2017,Old Dominion Monarchs,1,1
2017,Ole Miss Rebels,0,0
2017,Oregon Ducks,0,0
2017,Oregon State Beavers,1,1
2017,Penn State Nittany Lions,1,1
2017,Pittsburgh Panthers,0,1
2017,Purdue Boilermakers,0,0
2017,Rice Owls,1,0
2017,Rutgers Scarlet Knights,0,1
2017,SMU Mustangs,1,1
2017,San Diego State Aztecs,1,1
2017,San José State Spartans,0,0
2017,South Alabama Jaguars,1,1
2017,South Carolina Gamecocks,1,1
2017,South Florida Bulls,0,0
2017,Southern Mississippi Golden Eagles,1,1
2017,Stanford Cardinal,1,1
2017,Syracuse Orange,1,1
2017,TCU Horned Frogs,1,1
2017,Temple Owls,0,0
2017,Tennessee Volunteers,0,1
2017,Texas A&M Aggies,1,1
2017,Texas Longhorns,0,0
2017,Texas State Bobcats,0,1
2017,Texas Tech Red Raiders,1,1
2017,Toledo Rockets,1,1
2017,Troy Trojans,1,1
2017,Tulane Green Wave,1,1
2017,Tulsa Golden Hurricane,1,1
2017,UAB Blazers,0,0
2017,UCF Knights,1,1
2017,UCLA Bruins,0,1
2017,UConn Huskies,0,0
2017,UMass Minutemen,1,0
2017,UNLV Rebels,1,1
2017,USC Trojans,1,1
2017,UTEP Miners,1,1
2017,UTSA Roadrunners,1,1
2017,Utah State Aggies,0,1
2017,Utah Utes,1,1
2017,Vanderbilt Commodores,1,1
2017,Virginia Cavaliers,1,1
2017,Virginia Tech Hokies,1,1
2017,Wake Forest Demon Deacons,1,0
2017,Washington Huskies,1,1
2017,Washington State Cougars,1,1
2017,West Virginia Mountaineers,0,1
2017,Western Kentucky Hilltoppers,0,0
2017,Western Michigan Broncos,0,0
2017,Wisconsin Badgers,1,0
2017,Wyoming Cowboys,1,0
2018,Air Force Falcons,1,0
2018,Akron Zips,1,0
2018,Alabama Crimson Tide,1,0
2018,Appalachian State Mountaineers,1,0
2018,Arizona State Sun Devils,0,0
2018,Arizona Wildcats,0,1
2018,Arkansas Razorbacks,0,0
2018,Arkansas State Red Wolves,1,1
2018,Army Black Knights,1,1
2018,Auburn Tigers,1,1
2018,BYU Cougars,0,1
2018,Ball State Cardinals,1,1
2018,Baylor Bears,1,1
2018,Boise State Broncos,1,1
2018,Boston College Eagles,1,1
2018,Bowling Green Falcons,1,1
2018,Buffalo Bulls,1,1
2018,California Golden Bears,1,1
2018,Central Michigan Chippewas,0,1
2018,Charlotte 49ers,0,0
2018,Cincinnati Bearcats,1,1
2018,Clemson Tigers,1,1
2018,Coastal Carolina Chanticleers,1,0
2018,Colorado Buffaloes,1,1
2018,Colorado State Rams,0,0
2018,Duke Blue Devils,1,1
2018,East Carolina Pirates,1,0
2018,Eastern Michigan Eagles,1,1
2018,Florida Atlantic Owls,0,0
2018,Florida Gators,0,0
2018,Florida International Golden Panthers,1,1
2018,Florida State Seminoles,0,0
2018,Fresno State Bulldogs,1,0
2018,Georgia Bulldogs,1,1
2018,Georgia Southern Eagles,0,0
2018,Georgia State Panthers,1,1
2018,Georgia Tech Yellow Jackets,1,0
2018,Hawai'i Rainbow Warriors,1,0
2018,Houston Cougars,0,1
2018,Illinois Fighting Illini,0,1
2018,Indiana Hoosiers,1,1
2018,Iowa Hawkeyes,1,1
2018,Iowa State Cyclones,0,1
2018,Kansas Jayhawks,1,1
2018,Kansas State Wildcats,0,0
2018,Kent State Golden Flashes,0,0
2018,Kentucky Wildcats,1,1
2018,LSU Tigers,0,1
2018,Liberty Flames,0,0
2018,Louisiana Monroe Warhawks,1,1
2018,Louisiana Ragin' Cajuns,0,0
2018,Louisiana Tech Bulldogs,1,1
2018,Louisville Cardinals,1,0
2018,Marshall Thundering Herd,0,0
2018,Maryland Terrapins,0,1
2018,Memphis Tigers,0,1
2018,Miami (OH) RedHawks,1,0
2018,Miami Hurricanes,1,1
2018,Michigan State Spartans,1,1
2018,Michigan Wolverines,0,1
2018,Middle Tennessee Blue Raiders,1,1
2018,Minnesota Golden Gophers,1,1
2018,Mississippi State Bulldogs,0,0
2018,Missouri Tigers,0,0
2018,NC State Wolfpack,1,1
2018,Navy Midshipmen,1,1
2018,Nebraska Cornhuskers,0,0
2018,Nevada Wolf Pack,1,1
2018,New Mexico Lobos,0,1
2018,New Mexico State Aggies,1,1
2018,North Carolina Tar Heels,1,1
2018,North Texas Mean Green,1,1
2018,Northern Illinois Huskies,1,0
2018,Northwestern Wildcats,1,1
2018,Notre Dame Fighting Irish,1,0
2018,Ohio Bobcats,1,1
2018,Ohio State Buckeyes,1,1
2018,Oklahoma Sooners,0,1
2018,Oklahoma State Cowboys,1,0
2018,Old Dominion Monarchs,1,1
2018,Ole Miss Rebels,1,1
2018,Oregon Ducks,1,1
2018,Oregon State Beavers,0,0
2018,Penn State Nittany Lions,0,1
2018,Pittsburgh Panthers,1,0
2018,Purdue Boilermakers,1,1
2018,Rice Owls,0,0
2018,Rutgers Scarlet Knights,0,1
2018,SMU Mustangs,0,0
2018,San Diego State Aztecs,1,0
2018,San José State Spartans,0,1
2018,South Alabama Jaguars,0,0
2018,South Carolina Gamecocks,1,1
2018,South Florida Bulls,1,1
2018,Southern Mississippi Golden Eagles,1,0
2018,Stanford Cardinal,0,1
2018,Syracuse Orange,1,1
2018,TCU Horned Frogs,1,1
2018,Temple Owls,1,0
2018,Tennessee Volunteers,0,0
2018,Texas A&M Aggies,0,0
2018,Texas Longhorns,1,1
2018,Texas State Bobcats,1,0
2018,Texas Tech Red Raiders,0,1
2018,Toledo Rockets,1,1
2018,Troy Trojans,1,1
2018,Tulane Green Wave,1,1
2018,Tulsa Golden Hurricane,1,1
2018,UAB Blazers,0,1
2018,UCF Knights,0,0
2018,UCLA Bruins,0,0
2018,UConn Huskies,0,1
2018,UMass Minutemen,1,1
2018,UNLV Rebels,1,0
2018,USC Trojans,1,1
2018,UTEP Miners,0,0
2018,UTSA Roadrunners,0,0
2018,Utah State Aggies,1,1
2018,Utah Utes,1,1
2018,Vanderbilt Commodores,1,0
2018,Virginia Cavaliers,1,1
2018,Virginia Tech Hokies,1,1
2018,Wake Forest Demon Deacons,1,1
2018,Washington Huskies,0,1
2018,Washington State Cougars,1,0
2018,West Virginia Mountaineers,1,1
2018,Western Kentucky Hilltoppers,1,1
2018,Western Michigan Broncos,1,1
2018,Wisconsin Badgers,1,1
2018,Wyoming Cowboys,1,1
2019,Air Force Falcons,1,0
2019,Akron Zips,0,0
2019,Alabama Crimson Tide,0,1
2019,Appalachian State Mountaineers,0,0
2019,Arizona State Sun Devils,1,1
2019,Arizona Wildcats,1,1
2019,Arkansas Razorbacks,1,1
2019,Arkansas State Red Wolves,0,0
2019,Army Black Knights,1,0
2019,Auburn Tigers,0,1
2019,BYU Cougars,1,1
2019,Ball State Cardinals,1,1
2019,Baylor Bears,1,1
2019,Boise State Broncos,1,0
2019,Boston College Eagles,0,0
2019,Bowling Green Falcons,0,0
2019,Buffalo Bulls,1,1
2019,California Golden Bears,1,1
2019,Central Michigan Chippewas,0,0
2019,Charlotte 49ers,0,0
2019,Cincinnati Bearcats,1,1
2019,Clemson Tigers,1,1
2019,Coastal Carolina Chanticleers,0,1
2019,Colorado Buffaloes,0,0
2019,Colorado State Rams,1,1
2019,Duke Blue Devils,1,1
2019,East Carolina Pirates,0,0
2019,Eastern Michigan Eagles,1,1
2019,Florida Atlantic Owls,1,0
2019,Florida Gators,1,1
2019,Florida International Golden Panthers,1,0
2019,Florida State Seminoles,0,1
2019,Fresno State Bulldogs,0,1
2019,Georgia Bulldogs,1,0
2019,Georgia Southern Eagles,1,1
2019,Georgia State Panthers,0,1
2019,Georgia Tech Yellow Jackets,0,0
2019,Hawai'i Rainbow Warriors,1,1
2019,Houston Cougars,0,0
2019,Illinois Fighting Illini,1,0
2019,Indiana Hoosiers,0,0
2019,Iowa Hawkeyes,1,1
2019,Iowa State Cyclones,0,1
2019,Kansas Jayhawks,0,0
2019,Kansas State Wildcats,0,0
2019,Kent State Golden Flashes,1,1
2019,Kentucky Wildcats,1,0
2019,LSU Tigers,1,1
2019,Liberty Flames,0,0
2019,Louisiana Monroe Warhawks,1,1
2019,Louisiana Ragin' Cajuns,1,1
2019,Louisiana Tech Bulldogs,1,0
2019,Louisville Cardinals,0,0
2019,Marshall Thundering Herd,1,0
2019,Maryland Terrapins,0,0
2019,Memphis Tigers,0,0
2019,Miami (OH) RedHawks,1,1
2019,Miami Hurricanes,0,0
2019,Michigan State Spartans,0,1
2019,Michigan Wolverines,0,1
2019,Middle Tennessee Blue Raiders,1,1
2019,Minnesota Golden Gophers,1,0
2019,Mississippi State Bulldogs,0,1
2019,Missouri Tigers,1,1
2019,NC State Wolfpack,0,1
2019,Navy Midshipmen,1,0
2019,Nebraska Cornhuskers,1,1
2019,Nevada Wolf Pack,1,1
2019,New Mexico Lobos,0,0
2019,New Mexico State Aggies,0,1
2019,North Carolina Tar Heels,0,0
2019,North Texas Mean Green,0,1
2019,Northern Illinois Huskies,0,0
2019,Northwestern Wildcats,1,1
2019,Notre Dame Fighting Irish,1,1
2019,Ohio Bobcats,1,0
2019,Ohio State Buckeyes,1,0
2019,Oklahoma Sooners,1,0
2019,Oklahoma State Cowboys,0,1
2019,Old Dominion Monarchs,1,0
2019,Ole Miss Rebels,0,0
2019,Oregon Ducks,1,0
2019,Oregon State Beavers,1,1
2019,Penn State Nittany Lions,1,1
2019,Pittsburgh Panthers,0,1
2019,Purdue Boilermakers,1,1
2019,Rice Owls,1,1
2019,Rutgers Scarlet Knights,1,1
2019,SMU Mustangs,1,1
2019,San Diego State Aztecs,1,1
2019,San José State Spartans,1,1
2019,South Alabama Jaguars,1,1
2019,South Carolina Gamecocks,1,1
2019,South Florida Bulls,0,1
2019,Southern Mississippi Golden Eagles,0,1
2019,Stanford Cardinal,1,1
2019,Syracuse Orange,1,1
2019,TCU Horned Frogs,1,1
2019,Temple Owls,0,0
2019,Tennessee Volunteers,0,0
2019,Texas A&M Aggies,1,1
2019,Texas Longhorns,1,1
2019,Texas State Bobcats,0,0
2019,Texas Tech Red Raiders,0,0
2019,Toledo Rockets,1,1
2019,Troy Trojans,0,0
2019,Tulane Green Wave,0,1
2019,Tulsa Golden Hurricane,1,0
2019,UAB Blazers,1,1
2019,UCF Knights,1,1
2019,UCLA Bruins,0,1
2019,UConn Huskies,0,0
2019,UMass Minutemen,0,0
2019,UNLV Rebels,0,1
2019,USC Trojans,0,1
2019,UTEP Miners,1,1
2019,UTSA Roadrunners,0,1
2019,Utah State Aggies,0,0
2019,Utah Utes,0,1
2019,Vanderbilt Commodores,0,1
2019,Virginia Cavaliers,1,1
2019,Virginia Tech Hokies,1,1
2019,Wake Forest Demon Deacons,1,0
2019,Washington Huskies,1,1
2019,Washington State Cougars,1,1
2019,West Virginia Mountaineers,0,0
2019,Western Kentucky Hilltoppers,0,1
2019,Western Michigan Broncos,1,1
2019,Wisconsin Badgers,1,1
2019,Wyoming Cowboys,1,0
2020,Air Force Falcons,1,1
2020,Akron Zips,1,1
2020,Alabama Crimson Tide,1,1
2020,Appalachian State Mountaineers,0,0
2020,Arizona State Sun Devils,0,0
2020,Arizona Wildcats,1,0
2020,Arkansas Razorbacks,0,0
2020,Arkansas State Red Wolves,1,1
2020,Army Black Knights,1,0
2020,Auburn Tigers,0,1
2020,BYU Cougars,1,1
2020,Ball State Cardinals,0,1
2020,Baylor Bears,0,0
2020,Boise State Broncos,1,1
2020,Boston College Eagles,0,0
2020,Bowling Green Falcons,1,1
2020,Buffalo Bulls,1,1
2020,California Golden Bears,0,1
2020,Central Michigan Chippewas,1,1
2020,Charlotte 49ers,0,1
2020,Cincinnati Bearcats,1,1
2020,Clemson Tigers,1,1
2020,Coastal Carolina Chanticleers,1,0
2020,Colorado Buffaloes,0,1
2020,Colorado State Rams,0,0
2020,Duke Blue Devils,1,1
2020,East Carolina Pirates,1,0
2020,Eastern Michigan Eagles,0,1
2020,Florida Atlantic Owls,0,0
2020,Florida Gators,1,1
2020,Florida International Golden Panthers,1,1
2020,Florida State Seminoles,0,0
2020,Fresno State Bulldogs,1,0
2020,Georgia Bulldogs,0,1
2020,Georgia Southern Eagles,1,1
2020,Georgia State Panthers,1,1
2020,Georgia Tech Yellow Jackets,1,1
2020,Hawai'i Rainbow Warriors,0,0
2020,Houston Cougars,0,1
2020,Illinois Fighting Illini,1,1
2020,Indiana Hoosiers,0,1
2020,Iowa Hawkeyes,1,1
2020,Iowa State Cyclones,1,1
2020,Kansas Jayhawks,0,1
2020,Kansas State Wildcats,1,0
2020,Kent State Golden Flashes,1,1
2020,Kentucky Wildcats,1,1
2020,LSU Tigers,1,0
2020,Liberty Flames,1,1
2020,Louisiana Monroe Warhawks,0,1
2020,Louisiana Ragin' Cajuns,1,0
2020,Louisiana Tech Bulldogs,0,0
2020,Louisville Cardinals,1,1
2020,Marshall Thundering Herd,1,1
2020,Maryland Terrapins,1,1
2020,Memphis Tigers,1,0
2020,Miami (OH) RedHawks,1,1
2020,Miami Hurricanes,0,1
2020,Michigan State Spartans,0,0
2020,Michigan Wolverines,1,1
2020,Middle Tennessee Blue Raiders,1,1
2020,Minnesota Golden Gophers,0,1
2020,Mississippi State Bulldogs,0,0
2020,Missouri Tigers,0,1
2020,NC State Wolfpack,1,1
2020,Navy Midshipmen,1,1
2020,Nebraska Cornhuskers,0,1
2020,Nevada Wolf Pack,1,0
2020,New Mexico Lobos,0,0
2020,New Mexico State Aggies,1,1
2020,North Carolina Tar Heels,1,1
2020,North Texas Mean Green,1,0
2020,Northern Illinois Huskies,1,1
2020,Northwestern Wildcats,0,1
2020,Notre Dame Fighting Irish,0,1
2020,Ohio Bobcats,1,1
2020,Ohio State Buckeyes,1,1
2020,Oklahoma Sooners,1,1
2020,Oklahoma State Cowboys,0,1
2020,Old Dominion Monarchs,0,0
2020,Ole Miss Rebels,0,0
2020,Oregon Ducks,0,1
2020,Oregon State Beavers,1,1
2020,Penn State Nittany Lions,0,1
2020,Pittsburgh Panthers,1,1
2020,Purdue Boilermakers,1,1
2020,Rice Owls,1,1
2020,Rutgers Scarlet Knights,0,0
2020,SMU Mustangs,0,1
2020,San Diego State Aztecs,0,0
2020,San José State Spartans,1,1
2020,South Alabama Jaguars,1,1
2020,South Carolina Gamecocks,0,1
2020,South Florida Bulls,0,0
2020,Southern Mississippi Golden Eagles,0,0
2020,Stanford Cardinal,1,1
2020,Syracuse Orange,0,0
2020,TCU Horned Frogs,1,1
2020,Temple Owls,1,1
2020,Tennessee Volunteers,1,1
2020,Texas A&M Aggies,1,1
2020,Texas Longhorns,0,0
2020,Texas State Bobcats,0,1
2020,Texas Tech Red Raiders,1,1
2020,Toledo Rockets,0,0
2020,Troy Trojans,1,1
2020,Tulane Green Wave,1,1
2020,Tulsa Golden Hurricane,1,1
2020,UAB Blazers,1,1
2020,UCF Knights,0,1
2020,UCLA Bruins,1,1
2020,UConn Huskies,1,1
2020,UMass Minutemen,0,1
2020,UNLV Rebels,0,0
2020,USC Trojans,1,0
2020,UTEP Miners,1,1
2020,UTSA Roadrunners,0,0
2020,Utah State Aggies,0,0
2020,Utah Utes,1,1
2020,Vanderbilt Commodores,0,0
2020,Virginia Cavaliers,1,1
2020,Virginia Tech Hokies,1,0
2020,Wake Forest Demon Deacons,1,1
2020,Washington Huskies,0,1
2020,Washington State Cougars,0,0
2020,West Virginia Mountaineers,0,0
2020,Western Kentucky Hilltoppers,1,1
2020,Western Michigan Broncos,1,1
2020,Wisconsin Badgers,1,1
2020,Wyoming Cowboys,1,0
2021,Air Force Falcons,1,1
2021,Akron Zips,1,1
2021,Alabama Crimson Tide,0,1
2021,Appalachian State Mountaineers,0,1
2021,Arizona State Sun Devils,1,1
2021,Arizona Wildcats,0,0
2021,Arkansas Razorbacks,1,1
2021,Arkansas State Red Wolves,1,0
2021,Army Black Knights,1,1
2021,Auburn Tigers,0,0
2021,BYU Cougars,0,1
2021,Ball State Cardinals,1,1
2021,Baylor Bears,0,1
2021,Boise State Broncos,0,1
2021,Boston College Eagles,1,1
2021,Bowling Green Falcons,1,0
2021,Buffalo Bulls,0,0
2021,California Golden Bears,1,1
2021,Central Michigan Chippewas,0,1
2021,Charlotte 49ers,1,1
2021,Cincinnati Bearcats,1,0
2021,Clemson Tigers,1,1
2021,Coastal Carolina Chanticleers,1,1
2021,Colorado Buffaloes,1,0
2021,Colorado State Rams,0,1
2021,Duke Blue Devils,0,1
2021,East Carolina Pirates,1,1
2021,Eastern Michigan Eagles,1,1
2021,Florida Atlantic Owls,0,0
2021,Florida Gators,0,1
2021,Florida International Golden Panthers,0,0
2021,Florida State Seminoles,1,1
2021,Fresno State Bulldogs,1,1
2021,Georgia Bulldogs,1,1
2021,Georgia Southern Eagles,0,1
2021,Georgia State Panthers,1,0
2021,Georgia Tech Yellow Jackets,1,1
2021,Hawai'i Rainbow Warriors,0,1
2021,Houston Cougars,1,1
2021,Illinois Fighting Illini,0,0
2021,Indiana Hoosiers,1,0
2021,Iowa Hawkeyes,1,1
2021,Iowa State Cyclones,1,1
2021,Kansas Jayhawks,0,0
2021,Kansas State Wildcats,1,1
2021,Kent State Golden Flashes,1,1
2021,Kentucky Wildcats,0,1
2021,LSU Tigers,0,0
2021,Liberty Flames,1,1
2021,Louisiana Monroe Warhawks,0,0
2021,Louisiana Ragin' Cajuns,0,1
2021,Louisiana Tech Bulldogs,1,1
2021,Louisville Cardinals,0,1
2021,Marshall Thundering Herd,1,0
2021,Maryland Terrapins,0,0
2021,Memphis Tigers,1,1
2021,Miami (OH) RedHawks,1,1
2021,Miami Hurricanes,1,0
2021,Michigan State Spartans,1,1
2021,Michigan Wolverines,1,0
2021,Middle Tennessee Blue Raiders,0,1
2021,Minnesota Golden Gophers,1,1
2021,Mississippi State Bulldogs,1,1
2021,Missouri Tigers,1,0
2021,NC State Wolfpack,1,1
2021,Navy Midshipmen,1,1
2021,Nebraska Cornhuskers,1,1
2021,Nevada Wolf Pack,1,1
2021,New Mexico Lobos,1,1
2021,New Mexico State Aggies,1,1
2021,North Carolina Tar Heels,1,1
2021,North Texas Mean Green,1,0
2021,Northern Illinois Huskies,1,1
2021,Northwestern Wildcats,1,0
2021,Notre Dame Fighting Irish,1,0
2021,Ohio Bobcats,0,1
2021,Ohio State Buckeyes,1,1
2021,Oklahoma Sooners,1,1
2021,Oklahoma State Cowboys,1,1
2021,Old Dominion Monarchs,1,1
2021,Ole Miss Rebels,1,1
2021,Oregon Ducks,1,0
2021,Oregon State Beavers,1,1
2021,Penn State Nittany Lions,0,1
2021,Pittsburgh Panthers,1,1
2021,Purdue Boilermakers,1,0
2021,Rice Owls,0,1
2021,Rutgers Scarlet Knights,1,1
2021,SMU Mustangs,1,0
2021,San Diego State Aztecs,1,1
2021,San Jose State Spartans,0,0
2021,South Alabama Jaguars,0,0
2021,South Carolina Gamecocks,0,0
2021,South Florida Bulls,1,1
2021,Southern Mississippi Golden Eagles,0,0
2021,Stanford Cardinal,1,1
2021,Syracuse Orange,1,1
2021,TCU Horned Frogs,0,1
2021,Temple Owls,1,1
2021,Tennessee Volunteers,0,0
2021,Texas A&M Aggies,1,1
2021,Texas Longhorns,0,0
2021,Texas State Bobcats,1,1
2021,Texas Tech Red Raiders,0,1
2021,Toledo Rockets,1,1
2021,Troy Trojans,0,1
2021,Tulane Green Wave,0,0
2021,Tulsa Golden Hurricane,1,1
2021,UAB Blazers,1,1
2021,UCF Knights,0,0
2021,UCLA Bruins,1,1
2021,UConn Huskies,1,1
2021,UMass Minutemen,0,1
2021,UNLV Rebels,1,1
2021,USC Trojans,1,1
2021,UTEP Miners,0,0
2021,UTSA Roadrunners,1,0
2021,Utah State Aggies,0,0
2021,Utah Utes,1,1
2021,Vanderbilt Commodores,0,0
2021,Virginia Cavaliers,1,1
2021,Virginia Tech Hokies,1,1
2021,Wake Forest Demon Deacons,1,1
2021,Washington Huskies,1,1
2021,Washington State Cougars,1,1
2021,West Virginia Mountaineers,1,0
2021,Western Kentucky Hilltoppers,0,1
2021,Western Michigan Broncos,0,1
2021,Wisconsin Badgers,1,1
2021,Wyoming Cowboys,0,1
2022,Air Force Falcons,1,0
2022,Akron Zips,0,0
2022,Alabama Crimson Tide,1,1
2022,Appalachian State Mountaineers,0,1
2022,Arizona State Sun Devils,0,0
2022,Arizona Wildcats,1,0
2022,Arkansas Razorbacks,1,1
2022,Arkansas State Red Wolves,1,1
2022,Army Black Knights,1,1
2022,Auburn Tigers,0,0
2022,BYU Cougars,1,1
2022,Ball State Cardinals,1,1
2022,Baylor Bears,1,1
2022,Boise State Broncos,1,1
2022,Boston College Eagles,0,1
2022,Bowling Green Falcons,0,1
2022,Buffalo Bulls,1,0
2022,California Golden Bears,1,1
2022,Central Michigan Chippewas,0,1
2022,Charlotte 49ers,1,0
2022,Cincinnati Bearcats,0,1
2022,Clemson Tigers,0,0
2022,Coastal Carolina Chanticleers,1,1
2022,Colorado Buffaloes,0,1
2022,Colorado State Rams,0,0
2022,Duke Blue Devils,0,0
2022,East Carolina Pirates,1,1
2022,Eastern Michigan Eagles,1,1
2022,Florida Atlantic Owls,0,0
2022,Florida Gators,0,0
2022,Florida International Golden Panthers,0,0
2022,Florida State Seminoles,0,1
2022,Fresno State Bulldogs,0,0
2022,Georgia Bulldogs,1,1
2022,Georgia Southern Eagles,0,0
2022,Georgia State Panthers,0,1
2022,Georgia Tech Yellow Jackets,0,1
2022,Hawai'i Rainbow Warriors,0,1
2022,Houston Cougars,1,1
2022,Illinois Fighting Illini,0,1
2022,Indiana Hoosiers,0,0
2022,Iowa Hawkeyes,1,1
2022,Iowa State Cyclones,1,1
2022,James Madison Dukes,0,0
2022,Kansas Jayhawks,1,1
2022,Kansas State Wildcats,0,1
2022,Kent State Golden Flashes,1,0
2022,Kentucky Wildcats,0,1
2022,LSU Tigers,0,0
2022,Liberty Flames,1,0
2022,Louisiana Monroe Warhawks,0,0
2022,Louisiana Ragin' Cajuns,1,0
2022,Louisiana Tech Bulldogs,0,0
2022,Louisville Cardinals,0,1
2022,Marshall Thundering Herd,0,1
2022,Maryland Terrapins,1,1
2022,Memphis Tigers,0,0
2022,Miami (OH) RedHawks,1,0
2022,Miami Hurricanes,0,0
2022,Michigan State Spartans,1,1
2022,Michigan Wolverines,1,0
2022,Middle Tennessee Blue Raiders,0,1
2022,Minnesota Golden Gophers,1,1
2022,Mississippi State Bulldogs,1,1
2022,Missouri Tigers,1,0
2022,NC State Wolfpack,1,1
2022,Navy Midshipmen,0,1
2022,Nebraska Cornhuskers,0,1
2022,Nevada Wolf Pack,0,0
2022,New Mexico Lobos,1,1
2022,New Mexico State Aggies,0,0
2022,North Carolina Tar Heels,1,0
2022,North Texas Mean Green,1,1
2022,Northern Illinois Huskies,1,1
2022,Northwestern Wildcats,1,1
2022,Notre Dame Fighting Irish,1,0
2022,Ohio Bobcats,1,0
2022,Ohio State Buckeyes,1,0
2022,Oklahoma Sooners,0,0
2022,Oklahoma State Cowboys,1,0
2022,Old Dominion Monarchs,0,1
2022,Ole Miss Rebels,0,1
2022,Oregon Ducks,0,0
2022,Oregon State Beavers,1,0
2022,Penn State Nittany Lions,1,1
2022,Pittsburgh Panthers,0,1
2022,Purdue Boilermakers,1,1
2022,Rice Owls,1,1
2022,Rutgers Scarlet Knights,1,0
2022,SMU Mustangs,0,0
2022,San Diego State Aztecs,1,1
2022,San Jose State Spartans,1,1
2022,South Alabama Jaguars,1,1
2022,South Carolina Gamecocks,1,1
2022,South Florida Bulls,0,0
2022,Southern Mississippi Golden Eagles,0,1
2022,Stanford Cardinal,1,1
2022,Syracuse Orange,0,1
2022,TCU Horned Frogs,0,0
2022,Temple Owls,0,0
2022,Tennessee Volunteers,1,1
2022,Texas A&M Aggies,1,0
2022,Texas Longhorns,1,1
2022,Texas State Bobcats,0,1
2022,Texas Tech Red Raiders,0,0
2022,Toledo Rockets,1,1
2022,Troy Trojans,0,0
2022,Tulane Green Wave,0,1
2022,Tulsa Golden Hurricane,1,0
2022,UAB Blazers,1,1
2022,UCF Knights,0,1
2022,UCLA Bruins,0,0
2022,UConn Huskies,0,1
2022,UMass Minutemen,0,0
2022,UNLV Rebels,0,0
2022,USC Trojans,0,0
2022,UTEP Miners,1,1
2022,UTSA Roadrunners,0,1
2022,Utah State Aggies,1,1
2022,Utah Utes,1,1
2022,Vanderbilt Commodores,0,0
2022,Virginia Cavaliers,0,0
2022,Virginia Tech Hokies,0,0
2022,Wake Forest Demon Deacons,1,0
2022,Washington Huskies,0,0
2022,Washington State Cougars,0,0
2022,West Virginia Mountaineers,0,1
2022,Western Kentucky Hilltoppers,0,0
2022,Western Michigan Broncos,1,1
2022,Wisconsin Badgers,0,1
2022,Wyoming Cowboys,1,1
2023,Air Force Falcons,1,1
2023,Akron Zips,0,1
2023,Alabama Crimson Tide,0,0
2023,Appalachian State Mountaineers,0,0
2023,Arizona State Sun Devils,0,0
2023,Arizona Wildcats,1,1
2023,Arkansas Razorbacks,0,0
2023,Arkansas State Red Wolves,0,1
2023,Army Black Knights,0,1
2023,Auburn Tigers,0,0
2023,BYU Cougars,1,0
2023,Ball State Cardinals,1,1
2023,Baylor Bears,1,0
2023,Boise State Broncos,0,1
2023,Boston College Eagles,0,0
2023,Bowling Green Falcons,1,0
2023,Buffalo Bulls,0,0
2023,California Golden Bears,0,1
2023,Central Michigan Chippewas,1,1
2023,Charlotte 49ers,0,0
2023,Cincinnati Bearcats,0,0
2023,Clemson Tigers,0,1
2023,Coastal Carolina Chanticleers,0,0
2023,Colorado Buffaloes,0,0
2023,Colorado State Rams,1,1
2023,Duke Blue Devils,1,0
2023,East Carolina Pirates,1,1
2023,Eastern Michigan Eagles,1,0
2023,Florida Atlantic Owls,0,0
2023,Florida Gators,1,1
2023,Florida International Golden Panthers,1,1
2023,Florida State Seminoles,1,1
2023,Fresno State Bulldogs,0,1
2023,Georgia Bulldogs,0,1
2023,Georgia Southern Eagles,1,0
2023,Georgia State Panthers,1,0
2023,Georgia Tech Yellow Jackets,0,1
2023,Hawai'i Rainbow Warriors,1,1
2023,Houston Cougars,0,1
2023,Illinois Fighting Illini,1,0
2023,Indiana Hoosiers,1,1
2023,Iowa Hawkeyes,1,1
2023,Iowa State Cyclones,0,1
2023,Jacksonville State Gamecocks,0,0
2023,James Madison Dukes,1,1
2023,Kansas Jayhawks,1,1
2023,Kansas State Wildcats,1,1
2023,Kennesaw State Owls,0,0
2023,Kent State Golden Flashes,0,0
2023,Kentucky Wildcats,0,1
2023,LSU Tigers,1,1
2023,Liberty Flames,0,1
2023,Louisiana Monroe Warhawks,1,1
2023,Louisiana Ragin' Cajuns,1,1
2023,Louisiana Tech Bulldogs,1,1
2023,Louisville Cardinals,0,0
2023,Marshall Thundering Herd,1,0
2023,Maryland Terrapins,0,1
2023,Memphis Tigers,1,1
2023,Miami (OH) RedHawks,0,1
2023,Miami Hurricanes,0,0
2023,Michigan State Spartans,1,1
2023,Michigan Wolverines,1,1
2023,Middle Tennessee Blue Raiders,1,1
2023,Minnesota Golden Gophers,1,1
2023,Mississippi State Bulldogs,0,0
2023,Missouri Tigers,0,1
2023,NC State Wolfpack,0,1
2023,Navy Midshipmen,0,0
2023,Nebraska Cornhuskers,0,0
2023,Nevada Wolf Pack,1,1
2023,New Mexico Lobos,0,0
2023,New Mexico State Aggies,1,1
2023,North Carolina Tar Heels,0,1
2023,North Texas Mean Green,0,0
2023,Northern Illinois Huskies,1,1
2023,Northwestern Wildcats,1,0
2023,Notre Dame Fighting Irish,0,1
2023,Ohio Bobcats,1,1
2023,Ohio State Buckeyes,0,1
2023,Oklahoma Sooners,1,1
2023,Oklahoma State Cowboys,1,0
2023,Old Dominion Monarchs,0,1
2023,Ole Miss Rebels,1,0
2023,Oregon Ducks,1,1
2023,Oregon State Beavers,1,1
2023,Penn State Nittany Lions,1,1
2023,Pittsburgh Panthers,1,1
2023,Purdue Boilermakers,0,0
2023,Rice Owls,1,1
2023,Rutgers Scarlet Knights,0,1
2023,SMU Mustangs,1,1
2023,Sam Houston State,0,0
2023,San Diego State Aztecs,0,1
2023,San Jose State Spartans,1,1
2023,South Alabama Jaguars,1,1
2023,South Carolina Gamecocks,0,1
2023,South Florida Bulls,0,0
2023,Southern Mississippi Golden Eagles,1,0
2023,Stanford Cardinal,0,0
2023,Syracuse Orange,0,0
2023,TCU Horned Frogs,1,0
2023,Temple Owls,1,0
2023,Tennessee Volunteers,0,1
2023,Texas A&M Aggies,0,1
2023,Texas Longhorns,1,1
2023,Texas State Bobcats,0,0
2023,Texas Tech Red Raiders,1,1
2023,Toledo Rockets,1,1
2023,Troy Trojans,1,0
2023,Tulane Green Wave,0,0
2023,Tulsa Golden Hurricane,0,0
2023,UAB Blazers,0,0
2023,UCF Knights,0,1
2023,UCLA Bruins,1,0
2023,UConn Huskies,1,1
2023,UMass Minutemen,1,1
2023,UNLV Rebels,0,0
2023,USC Trojans,1,1
2023,UTEP Miners,0,1
2023,UTSA Roadrunners,0,1
2023,Utah State Aggies,0,0
2023,Utah Utes,1,1
2023,Vanderbilt Commodores,1,1
2023,Virginia Cavaliers,1,1
2023,Virginia Tech Hokies,1,1
2023,Wake Forest Demon Deacons,1,1
2023,Washington Huskies,1,1
2023,Washington State Cougars,0,0
2023,West Virginia Mountaineers,0,1
2023,Western Kentucky Hilltoppers,0,1
2023,Western Michigan Broncos,0,1
2023,Wisconsin Badgers,0,0
2023,Wyoming Cowboys,1,1
2024,Air Force Falcons,1,1
2024,Akron Zips,0,1
2024,Alabama Crimson Tide,0,0
2024,Appalachian State Mountaineers,1,1
2024,Arizona State Sun Devils,0,1
2024,Arizona Wildcats,0,0
2024,Arkansas Razorbacks,0,1
2024,Arkansas State Red Wolves,0,1
2024,Army Black Knights,0,1
2024,Auburn Tigers,0,0
2024,BYU Cougars,1,1
2024,Ball State Cardinals,1,0
2024,Baylor Bears,0,1
2024,Boise State Broncos,0,0
2024,Boston College Eagles,0,0
2024,Bowling Green Falcons,1,1
2024,Buffalo Bulls,0,0
2024,California Golden Bears,0,1
2024,Central Michigan Chippewas,0,1
2024,Charlotte 49ers,1,1
2024,Cincinnati Bearcats,1,1
2024,Clemson Tigers,1,1
2024,Coastal Carolina Chanticleers,1,1
2024,Colorado Buffaloes,0,0
2024,Colorado State Rams,1,1
2024,Duke Blue Devils,0,0
2024,East Carolina Pirates,0,1
2024,Eastern Michigan Eagles,0,1
2024,Florida Atlantic Owls,1,1
2024,Florida Gators,1,1
2024,Florida International Golden Panthers,1,1
2024,Florida State Seminoles,1,1
2024,Fresno State Bulldogs,1,1
2024,Georgia Bulldogs,1,1
2024,Georgia Southern Eagles,0,1
2024,Georgia State Panthers,0,0
2024,Georgia Tech Yellow Jackets,1,0
2024,Hawai'i Rainbow Warriors,0,0
2024,Houston Cougars,0,0
2024,Illinois Fighting Illini,1,1
2024,Indiana Hoosiers,0,0
2024,Iowa Hawkeyes,0,1
2024,Iowa State Cyclones,0,1
2024,Jacksonville State Gamecocks,1,0
2024,James Madison Dukes,0,0
2024,Kansas Jayhawks,0,1
2024,Kansas State Wildcats,0,1
2024,Kennesaw State Owls,0,0
2024,Kent State Golden Flashes,0,1
2024,Kentucky Wildcats,0,1
2024,LSU Tigers,0,0
2024,Liberty Flames,1,1
2024,Louisiana Monroe Warhawks,0,0
2024,Louisiana Ragin' Cajuns,1,0
2024,Louisiana Tech Bulldogs,1,0
2024,Louisville Cardinals,1,1
2024,Marshall Thundering Herd,0,1
2024,Maryland Terrapins,1,1
2024,Memphis Tigers,1,0
2024,Miami (OH) RedHawks,1,1
2024,Miami Hurricanes,1,1
2024,Michigan State Spartans,0,0
2024,Michigan Wolverines,0,0
2024,Middle Tennessee Blue Raiders,0,0
2024,Minnesota Golden Gophers,1,0
2024,Mississippi State Bulldogs,0,0
2024,Missouri Tigers,1,0
2024,NC State Wolfpack,1,1
2024,Navy Midshipmen,0,1
2024,Nebraska Cornhuskers,1,1
2024,Nevada Wolf Pack,0,0
2024,New Mexico Lobos,0,0
2024,New Mexico State Aggies,0,0
2024,North Carolina Tar Heels,1,1
2024,North Texas Mean Green,1,1
2024,Northern Illinois Huskies,0,1
2024,Northwestern Wildcats,0,0
2024,Notre Dame Fighting Irish,0,1
2024,Ohio Bobcats,0,0
2024,Ohio State Buckeyes,1,1
2024,Oklahoma Sooners,0,1
2024,Oklahoma State Cowboys,1,1
2024,Old Dominion Monarchs,1,1
2024,Ole Miss Rebels,1,1
2024,Oregon Ducks,1,1
2024,Oregon State Beavers,0,0
2024,Penn State Nittany Lions,0,0
2024,Pittsburgh Panthers,0,1
2024,Purdue Boilermakers,1,1
2024,Rice Owls,1,1
2024,Rutgers Scarlet Knights,1,1
2024,SMU Mustangs,1,1
2024,Sam Houston State,0,0
2024,San Diego State Aztecs,0,0
2024,San Jose State Spartans,0,1
2024,South Alabama Jaguars,0,0
2024,South Carolina Gamecocks,1,1
2024,South Florida Bulls,1,1
2024,Southern Mississippi Golden Eagles,0,0
2024,Stanford Cardinal,1,1
2024,Syracuse Orange,0,0
2024,TCU Horned Frogs,1,0
2024,Temple Owls,1,1
2024,Tennessee Volunteers,1,1
2024,Texas A&M Aggies,0,0
2024,Texas Longhorns,1,1
2024,Texas State Bobcats,1,0
2024,Texas Tech Red Raiders,1,1
2024,Toledo Rockets,1,1
2024,Troy Trojans,0,0
2024,Tulane Green Wave,0,0
2024,Tulsa Golden Hurricane,1,1
2024,UAB Blazers,1,1
2024,UCF Knights,0,1
2024,UCLA Bruins,0,0
2024,UConn Huskies,0,0
2024,UMass Minutemen,0,1
2024,UNLV Rebels,1,1
2024,USC Trojans,1,0
2024,UTEP Miners,0,0
2024,UTSA Roadrunners,1,1
2024,Utah State Aggies,1,0
2024,Utah Utes,1,1
2024,Vanderbilt Commodores,0,0
2024,Virginia Cavaliers,1,1
2024,Virginia Tech Hokies,1,1
2024,Wake Forest Demon Deacons,1,1
2024,Washington Huskies,0,0
2024,Washington State Cougars,1,1
2024,West Virginia Mountaineers,1,1
2024,Western Kentucky Hilltoppers,0,1
2024,Western Michigan Broncos,0,0
2024,Wisconsin Badgers,1,1
2024,Wyoming Cowboys,0,0
2025,Air Force Falcons,1,1
2025,Akron Zips,0,1
2025,Alabama Crimson Tide,1,1
2025,Appalachian State Mountaineers,0,0
2025,Arizona State Sun Devils,1,1
2025,Arizona Wildcats,0,0
2025,Arkansas Razorbacks,1,1
2025,Arkansas State Red Wolves,1,0
2025,Army Black Knights,1,1
2025,Auburn Tigers,1,1
2025,BYU Cougars,1,1
2025,Ball State Cardinals,0,1
2025,Baylor Bears,1,1
2025,Boise State Broncos,1,1
2025,Boston College Eagles,1,1
2025,Bowling Green Falcons,0,0
2025,Buffalo Bulls,1,1
2025,California Golden Bears,0,0
2025,Central Michigan Chippewas,0,0
2025,Charlotte 49ers,0,0
2025,Cincinnati Bearcats,1,1
2025,Clemson Tigers,1,1
2025,Coastal Carolina Chanticleers,0,0
2025,Colorado Buffaloes,1,1
2025,Colorado State Rams,1,0
2025,Delaware Fightin' Blue Hens,0,0
2025,Duke Blue Devils,1,1
2025,East Carolina Pirates,1,0
2025,Eastern Michigan Eagles,1,1
2025,Florida Atlantic Owls,0,0
2025,Florida Gators,0,1
2025,Florida International Golden Panthers,0,1
2025,Florida State Seminoles,0,0
2025,Fresno State Bulldogs,0,0
2025,Georgia Bulldogs,1,1
2025,Georgia Southern Eagles,1,1
2025,Georgia State Panthers,0,0
2025,Georgia Tech Yellow Jackets,1,0
2025,Hawai'i Rainbow Warriors,0,1
2025,Houston Cougars,0,0
2025,Illinois Fighting Illini,1,1
2025,Indiana Hoosiers,1,1
2025,Iowa Hawkeyes,1,1
2025,Iowa State Cyclones,1,1
2025,Jacksonville State Gamecocks,0,0
2025,James Madison Dukes,1,0
2025,Kansas Jayhawks,1,1
2025,Kansas State Wildcats,1,1
2025,Kennesaw State Owls,0,0
2025,Kent State Golden Flashes,0,0
2025,Kentucky Wildcats,1,1
2025,LSU Tigers,1,1
2025,Liberty Flames,1,1
2025,Louisiana Monroe Warhawks,1,1
2025,Louisiana Ragin' Cajuns,1,1
2025,Louisiana Tech Bulldogs,0,0
2025,Louisville Cardinals,1,1
2025,Marshall Thundering Herd,0,0
2025,Maryland Terrapins,0,1
2025,Memphis Tigers,1,1
2025,Miami (OH) RedHawks,1,1
2025,Miami Hurricanes,1,0
2025,Michigan State Spartans,1,1
2025,Michigan Wolverines,0,1
2025,Middle Tennessee Blue Raiders,1,1
2025,Minnesota Golden Gophers,1,0
2025,Mississippi State Bulldogs,1,1
2025,Missouri State Bears,0,0
2025,Missouri Tigers,1,1
2025,NC State Wolfpack,0,0
2025,Navy Midshipmen,1,1
2025,Nebraska Cornhuskers,0,0
2025,Nevada Wolf Pack,0,1
2025,New Mexico Lobos,0,0
2025,New Mexico State Aggies,0,1
2025,North Carolina Tar Heels,0,0
2025,North Texas Mean Green,1,0
2025,Northern Illinois Huskies,0,0
2025,Northwestern Wildcats,1,1
2025,Notre Dame Fighting Irish,1,0
2025,Ohio Bobcats,0,1
2025,Ohio State Buckeyes,1,0
2025,Oklahoma Sooners,0,1
2025,Oklahoma State Cowboys,0,0
2025,Old Dominion Monarchs,1,1
2025,Ole Miss Rebels,1,1
2025,Oregon Ducks,1,1
2025,Oregon State Beavers,1,0
2025,Penn State Nittany Lions,1,0
2025,Pittsburgh Panthers,1,1
2025,Purdue Boilermakers,0,0
2025,Rice Owls,0,0
2025,Rutgers Scarlet Knights,1,0
2025,SMU Mustangs,1,1
2025,Sam Houston Bearkats,0,0
2025,San Diego State Aztecs,1,0
2025,San Jose State Spartans,1,1
2025,South Alabama Jaguars,0,1
2025,South Carolina Gamecocks,0,1
2025,South Florida Bulls,1,1
2025,Southern Mississippi Golden Eagles,0,0
2025,Stanford Cardinal,0,1
2025,Syracuse Orange,1,1
2025,TCU Horned Frogs,1,1
2025,Temple Owls,0,0
2025,Tennessee Volunteers,1,1
2025,Texas A&M Aggies,1,1
2025,Texas Longhorns,1,1
2025,Texas State Bobcats,0,1
2025,Texas Tech Red Raiders,0,0
2025,Toledo Rockets,1,1
2025,Troy Trojans,1,1
2025,Tulane Green Wave,1,1
2025,Tulsa Golden Hurricane,0,0
2025,UAB Blazers,1,0
2025,UCF Knights,0,0
2025,UCLA Bruins,0,1
2025,UConn Huskies,1,1
2025,UMass Minutemen,0,0
2025,UNLV Rebels,0,0
2025,USC Trojans,0,1
2025,UTEP Miners,1,1
2025,UTSA Roadrunners,1,1
2025,Utah State Aggies,0,0
2025,Utah Utes,0,1
2025,Vanderbilt Commodores,1,0
2025,Virginia Cavaliers,1,1
2025,Virginia Tech Hokies,0,0
2025,Wake Forest Demon Deacons,0,0
2025,Washington Huskies,0,0
2025,Washington State Cougars,0,0
2025,West Virginia Mountaineers,0,0
2025,Western Kentucky Hilltoppers,0,0
2025,Western Michigan Broncos,1,0
2025,Wisconsin Badgers,0,1
2025,Wyoming Cowboys,1,1
2026,Air Force Falcons,1,0
2026,Akron Zips,1,1
2026,Alabama Crimson Tide,1,1
2026,Appalachian State Mountaineers,0,1
2026,Arizona State Sun Devils,1,1
2026,Arizona Wildcats,1,1
2026,Arkansas Razorbacks,0,0
2026,Arkansas State Red Wolves,0,1
2026,Army Black Knights,1,0
2026,Auburn Tigers,0,1
2026,BYU Cougars,1,0
2026,Ball State Cardinals,1,1
2026,Baylor Bears,1,0
2026,Boise State Broncos,1,1
2026,Boston College Eagles,0,0
2026,Bowling Green Falcons,0,0
2026,Buffalo Bulls,0,0
2026,California Golden Bears,0,0
2026,Central Michigan Chippewas,1,1
2026,Charlotte 49ers,1,1
2026,Cincinnati Bearcats,0,0
2026,Clemson Tigers,0,1
2026,Coastal Carolina Chanticleers,0,0
2026,Colorado Buffaloes,0,0
2026,Colorado State Rams,0,1
2026,Delaware Fightin' Blue Hens,1,1
2026,Duke Blue Devils,1,1
2026,East Carolina Pirates,0,0
2026,Eastern Michigan Eagles,1,0
2026,Florida Atlantic Owls,0,1
2026,Florida Gators,0,0
2026,Florida International Golden Panthers,1,1
2026,Florida State Seminoles,0,1
2026,Fresno State Bulldogs,1,1
2026,Georgia Bulldogs,1,1
2026,Georgia Southern Eagles,1,0
2026,Georgia State Panthers,1,0
2026,Georgia Tech Yellow Jackets,0,0
2026,Hawai'i Rainbow Warriors,1,1
2026,Houston Cougars,1,1
2026,Illinois Fighting Illini,1,0
2026,Indiana Hoosiers,1,1
2026,Iowa Hawkeyes,1,1
2026,Iowa State Cyclones,0,0
2026,Jacksonville State Gamecocks,0,1
2026,James Madison Dukes,0,0
2026,Kansas Jayhawks,1,1
2026,Kansas State Wildcats,0,0
2026,Kennesaw State Owls,1,1
2026,Kent State Golden Flashes,1,1
2026,Kentucky Wildcats,0,0
2026,LSU Tigers,0,1
2026,Liberty Flames,1,1
2026,Louisiana Monroe Warhawks,0,0
2026,Louisiana Ragin' Cajuns,1,1
2026,Louisiana Tech Bulldogs,0,1
2026,Louisville Cardinals,1,0
2026,Marshall Thundering Herd,1,0
2026,Maryland Terrapins,0,1
2026,Memphis Tigers,0,0
2026,Miami (OH) RedHawks,0,1
2026,Miami Hurricanes,1,1
2026,Michigan State Spartans,0,1
2026,Michigan Wolverines,0,0
2026,Middle Tennessee Blue Raiders,0,1
2026,Minnesota Golden Gophers,1,1
2026,Mississippi State Bulldogs,1,0
2026,Missouri State Bears,0,0
2026,Missouri Tigers,0,1
2026,NC State Wolfpack,1,1
2026,Navy Midshipmen,1,0
2026,Nebraska Cornhuskers,1,0
2026,Nevada Wolf Pack,0,1
2026,New Mexico Lobos,1,1
2026,New Mexico State Aggies,1,1
2026,North Carolina Tar Heels,0,1
2026,North Dakota State Bison,0,0
2026,North Texas Mean Green,0,0
2026,Northern Illinois Huskies,0,0
2026,Northwestern Wildcats,0,1
2026,Notre Dame Fighting Irish,1,1
2026,Ohio Bobcats,0,0
2026,Ohio State Buckeyes,1,1
2026,Oklahoma Sooners,1,1
2026,Oklahoma State Cowboys,0,0
2026,Old Dominion Monarchs,0,1
2026,Ole Miss Rebels,0,1
2026,Oregon Ducks,0,1
2026,Oregon State Beavers,0,0
2026,Penn State Nittany Lions,0,0
2026,Pittsburgh Panthers,1,0
2026,Purdue Boilermakers,1,0
2026,Rice Owls,1,1
2026,Rutgers Scarlet Knights,1,0
2026,SMU Mustangs,0,0
2026,Sacramento State Hornets,0,0
2026,Sam Houston Bearkats,1,1
2026,San Diego State Aztecs,1,0
2026,San Jose State Spartans,1,0
2026,South Alabama Jaguars,0,1
2026,South Carolina Gamecocks,0,1
2026,South Florida Bulls,0,0
2026,Southern Mississippi Golden Eagles,0,0
2026,Stanford Cardinal,0,0
2026,Syracuse Orange,1,0
2026,TCU Horned Frogs,1,1
2026,Temple Owls,1,1
2026,Tennessee Volunteers,1,0
2026,Texas A&M Aggies,1,0
2026,Texas Longhorns,1,1
2026,Texas State Bobcats,1,0
2026,Texas Tech Red Raiders,1,1
2026,Toledo Rockets,0,0
2026,Troy Trojans,0,1
2026,Tulane Green Wave,0,1
2026,Tulsa Golden Hurricane,1,1
2026,UAB Blazers,1,0
2026,UCF Knights,1,1
2026,UCLA Bruins,0,0
2026,UConn Huskies,0,0
2026,UMass Minutemen,0,1
2026,UNLV Rebels,1,1
2026,USC Trojans,1,0
2026,UTEP Miners,0,1
2026,UTSA Roadrunners,0,1
2026,Utah State Aggies,0,1
2026,Utah Utes,0,0
2026,Vanderbilt Commodores,1,1
2026,Virginia Cavaliers,0,1
2026,Virginia Tech Hokies,0,0
2026,Wake Forest Demon Deacons,1,1
2026,Washington Huskies,0,1
2026,Washington State Cougars,0,0
2026,West Virginia Mountaineers,1,1
2026,Western Kentucky Hilltoppers,0,1
2026,Western Michigan Broncos,1,0
2026,Wisconsin Badgers,1,1
2026,Wyoming Cowboys,0,1
